{
    "providers": [
        {
            "type": "bitmap",
            "file": "rpg_system:font/actionbar_text/cooldown/attack_cooldown.png",
            "ascent": -47,
            "height": 15,
            "chars": [
                "\u0039\u0038\u0037\u0036\u0035\u0034\u0033\u0032\u0031"
            ]
        },
        {
            "type": "bitmap",
            "file": "rpg_system:font/actionbar_text/cooldown/attack_cooldown_dummy.png",
            "ascent": -2000,
            "height": 15,
            "chars": [
                "\u0030"
            ]
        }
    ]
}