{
    "providers": [
      {
        "type": "bitmap",
        "file": "rpg:font/actionbar_text/hp/hp.png",
        "ascent": -27,
        "height": 5,
        "chars": [
          "\u1000",
          "\u1001",
          "\u1002",
          "\u1003",
          "\u1004",
          "\u1005",
          "\u1006",
          "\u1007",
          "\u1008",
          "\u1009",
          "\u1010",
          "\u1011",
          "\u1012",
          "\u1013",
          "\u1014",
          "\u1015",
          "\u1016",
          "\u1017",
          "\u1018",
          "\u1019",
          "\u1020"
        ]
      }
    ]
  }
  