[
  {
    "function": "minecraft:set_name",
    "entity": "this",
    "name": [
      {
        "nbt": "Inventory.[{Slot:-106b}].components.\"minecraft:custom_data\".gun.name",
        "entity": "@s",
        "color": "white",
        "italic": false
      },
      {
        "text": "["
      },
      {
        "nbt": "Inventory.[{Slot:-106b}].components.\"minecraft:custom_data\".gun.bullet.n",
        "entity": "@s"
      },
      {
        "text": "/"
      },
      {
        "nbt": "Inventory.[{Slot:-106b}].components.\"minecraft:custom_data\".gun.bullet.m",
        "entity": "@s"
      },
      {
        "text": "]"
      }
    ]
  }
]
