{
  "description": {
    "translate": "sys.enchantment.gun_check",
    "fallback": "[銃火器]",
    "color": "red",
    "bold": true,
    "italic": false
  },
  "supported_items": [
    "minecraft:crossbow",
    "minecraft:bow"
  ],
  "weight": 1,
  "max_level": 1,
  "min_cost": {
    "base": 1,
    "per_level_above_first": 1000
  },
  "max_cost": {
    "base": 16,
    "per_level_above_first": 1000
  },
  "anvil_cost": 0,
  "slots": [
    "hand"
  ],
  "effects": {
    "minecraft:projectile_spawned": [
      {
        "effect": {
          "type": "minecraft:run_function",
          "function": "sys:enchantment/kill_arrow_and_reload"
        }
      }
    ]
  }
}
