{
  "description": {
    "translate": "smoke"
  },
  "exclusive_set": "#minecraft:exclusive_set/crossbow",
  "supported_items": "minecraft:white_glazed_terracotta",
  "weight": 10,
  "max_level": 4,
  "min_cost": {
    "base": 1,
    "per_level_above_first": 1000
  },
  "max_cost": {
    "base": 50,
    "per_level_above_first": 1000
  },
  "anvil_cost": 1,
  "slots": [
    "head"
  ],
  "effects": {
    "minecraft:tick": [
      {
        "effect": {
          "type": "minecraft:all_of",
          "effects": [
            {
              "type": "minecraft:spawn_particles",
              "particle": {
                "type": "minecraft:explosion_emitter"
              },
              "horizontal_position": {
                "type": "in_bounding_box",
                "scale": 1
              },
              "vertical_position": {
                "type": "in_bounding_box",
                "scale": 1
              },
              "horizontal_velocity": {},
              "vertical_velocity": {},
              "speed": 0
            },
            {
              "type": "minecraft:run_function",
              "function": "sys:enchantment/smoke"
            }
          ]
        },
        "requirements": {
          "condition": "minecraft:entity_scores",
          "entity": "this",
          "scores": {
            "bullet_life_count": {
              "min": 1,
              "max": 80
            }
          }
        }
      }
    ]
  }
}
