{
  "pools": [
    {
      "rolls": 1,
      "entries": [
        {
          "type": "minecraft:item",
          "name": "minecraft:crossbow",
          "functions": [
            {
              "function": "minecraft:set_name",
              "entity": "this",
              "name": {
                "text": "マシンガン[50/50]",
                "color": "white",
                "bold": false,
                "italic": false
              }
            },
            {
              "function": "minecraft:set_enchantments",
              "enchantments": {
                "sys:gun_shot_check": 1
              }
            },
            {
              "function": "minecraft:set_custom_data",
              "tag": "{gun:{bullet:{m:50,n:50,p:1,l:15,d:30,c:1},gun:{c:3,s:6,t:1},reload:{n:35,m:35},auto:{m:3,n:3},name:\"マシンガン\"}}"
            },
            {
              "function": "minecraft:reference",
              "name": "sys:gun/shot_trigger"
            },
            {
              "function": "minecraft:set_custom_model_data",
              "value": 2
            },
            {
              "function": "minecraft:set_components",
              "components": {
                "minecraft:enchantment_glint_override": false
              }
            },
            {
              "function": "minecraft:set_lore",
              "entity": "this",
              "lore": [
                {
                  "text": "装弾数:50",
                  "color": "white",
                  "italic": false
                },
                {
                  "text": "射程:短",
                  "color": "white",
                  "italic": false
                },
                {
                  "text": "威力:小",
                  "color": "white",
                  "italic": false
                },
                {
                  "text": "ブレ:大",
                  "color": "white",
                  "italic": false
                },
                {
                  "text": "速射:極高",
                  "color": "white",
                  "italic": false
                },
                {
                  "text": "リロード:長",
                  "color": "white",
                  "italic": false
                },
                {
                  "text": ""
                },
                {
                  "text": "連射性能の極めて高い機械式小銃",
                  "color": "white",
                  "italic": false
                },
                {
                  "text": "フルオートなので制圧性能が高い",
                  "color": "white",
                  "italic": false
                }
              ],
              "mode": "replace_all"
            }
          ]
        }
      ]
    }
  ]
}
