{
  "pools": [
    {
      "rolls": 1,
      "entries": [
        {
          "type": "minecraft:item",
          "name": "minecraft:crossbow",
          "functions": [
            {
              "function": "minecraft:set_name",
              "entity": "this",
              "name": {
                "text": "アサルトライフル[16/16]",
                "color": "white",
                "bold": false,
                "italic": false
              }
            },
            {
              "function": "minecraft:set_enchantments",
              "enchantments": {
                "sys:gun_shot_check": 1
              }
            },
            {
              "function": "minecraft:set_custom_data",
              "tag": "{gun:{bullet:{m:18,n:18,p:1,l:20,d:35,c:1},gun:{c:8,s:4,t:1},reload:{n:20,m:20},auto:{m:5,n:5},name:\"アサルトライフル\"}}"
            },
            {
              "function": "minecraft:reference",
              "name": "sys:gun/shot_trigger"
            },
            {
              "function": "minecraft:set_custom_model_data",
              "value": 5
            },
            {
              "function": "minecraft:set_components",
              "components": {
                "minecraft:enchantment_glint_override": false
              }
            },
            {
              "function": "minecraft:set_lore",
              "entity": "this",
              "lore": [
                {
                  "text": "装弾数:18",
                  "color": "white",
                  "italic": false
                },
                {
                  "text": "射程:中",
                  "color": "white",
                  "italic": false
                },
                {
                  "text": "威力:中",
                  "color": "white",
                  "italic": false
                },
                {
                  "text": "ブレ:中",
                  "color": "white",
                  "italic": false
                },
                {
                  "text": "速射:高",
                  "color": "white",
                  "italic": false
                },
                {
                  "text": "リロード:長",
                  "color": "white",
                  "italic": false
                },
                {
                  "text": ""
                },
                {
                  "text": "中射程の突撃銃",
                  "color": "white",
                  "italic": false
                },
                {
                  "text": "フルオートで扱いやすいが、リロードに時間がかかる。",
                  "color": "white",
                  "italic": false
                }
              ],
              "mode": "replace_all"
            }
          ]
        }
      ]
    }
  ]
}
