{
  "pools": [
    {
      "rolls": 1,
      "entries": [
        {
          "type": "minecraft:item",
          "name": "minecraft:crossbow",
          "functions": [
            {
              "function": "minecraft:set_name",
              "entity": "this",
              "name": {
                "text": "ショットガン[4/4]",
                "color": "white",
                "bold": false,
                "italic": false
              }
            },
            {
              "function": "minecraft:set_enchantments",
              "enchantments": {
                "sys:gun_shot_check": 1
              }
            },
            {
              "function": "minecraft:set_custom_data",
              "tag": "{gun:{bullet:{m:4,n:4,p:1,l:4,d:15,c:10},gun:{c:10,s:10,t:1},reload:{n:20,m:20},auto:{m:0,n:0},name:\"ショットガン\"}}"
            },
            {
              "function": "minecraft:reference",
              "name": "sys:gun/shot_trigger"
            },
            {
              "function": "minecraft:set_custom_model_data",
              "value": 4
            },
            {
              "function": "minecraft:set_components",
              "components": {
                "minecraft:enchantment_glint_override": false
              }
            },
            {
              "function": "minecraft:set_lore",
              "entity": "this",
              "lore": [
                {
                  "text": "装弾数:4",
                  "color": "white",
                  "italic": false
                },
                {
                  "text": "射程:極短",
                  "color": "white",
                  "italic": false
                },
                {
                  "text": "威力:高",
                  "color": "white",
                  "italic": false
                },
                {
                  "text": "ブレ:大",
                  "color": "white",
                  "italic": false
                },
                {
                  "text": "速射:中",
                  "color": "white",
                  "italic": false
                },
                {
                  "text": "リロード:長",
                  "color": "white",
                  "italic": false
                },
                {
                  "text": ""
                },
                {
                  "text": "高威力低射程の散弾銃",
                  "color": "white",
                  "italic": false
                },
                {
                  "text": "近距離の敵に爆発的なダメージを与える",
                  "color": "white",
                  "italic": false
                }
              ],
              "mode": "replace_all"
            }
          ]
        }
      ]
    }
  ]
}
