{
  "pools": [
    {
      "rolls": 1,
      "entries": [
        {
          "type": "minecraft:item",
          "name": "minecraft:leather_helmet",
          "functions": [
            {
              "function": "minecraft:set_components",
              "components": {
                "minecraft:enchantment_glint_override": false,
                "minecraft:dyed_color": {
                  "rgb": 847184,
                  "show_in_tooltip": false
                },
                "minecraft:attribute_modifiers": {
                  "modifiers": []
                }
              }
            },
            {
              "function": "minecraft:set_enchantments",
              "enchantments": {
                "minecraft:binding_curse": 0
              }
            },
            {
              "function": "minecraft:set_components",
              "components": {
                "minecraft:unbreakable": {
                  "show_in_tooltip": false
                }
              }
            }
          ]
        }
      ]
    }
  ]
}
