{"stats":{"minecraft:broken":{"minecraft:leather_helmet":3,"minecraft:leather_leggings":1,"minecraft:leather_boots":1,"minecraft:crossbow":6},"minecraft:custom":{"minecraft:mob_kills":230,"minecraft:open_barrel":3,"minecraft:damage_dealt_resisted":32412,"minecraft:leave_game":86,"minecraft:time_since_death":1753,"minecraft:climb_one_cm":7357,"minecraft:damage_resisted":44333,"minecraft:sprint_one_cm":2021812,"minecraft:walk_one_cm":2172503,"minecraft:drop":428,"minecraft:damage_dealt_absorbed":40,"minecraft:talked_to_villager":9,"minecraft:target_hit":78,"minecraft:play_time":3923322,"minecraft:deaths":192,"minecraft:sneak_time":23332,"minecraft:walk_under_water_one_cm":9129,"minecraft:jump":15794,"minecraft:walk_on_water_one_cm":7486,"minecraft:total_world_time":3944536,"minecraft:time_since_rest":1754,"minecraft:damage_taken":14073,"minecraft:damage_dealt":3092,"minecraft:swim_one_cm":4875,"minecraft:fly_one_cm":7051369,"minecraft:open_chest":16,"minecraft:crouch_one_cm":33924,"minecraft:fall_one_cm":173324},"minecraft:dropped":{"minecraft:iron_sword":6,"minecraft:glass_bottle":4,"minecraft:crossbow":223,"minecraft:command_block":1,"minecraft:polished_andesite":1,"minecraft:music_disc_13":169,"minecraft:music_disc_11":1,"minecraft:lodestone":4,"minecraft:phantom_membrane":2,"minecraft:zombie_spawn_egg":1,"minecraft:lever":1,"minecraft:dark_oak_sign":2,"minecraft:structure_block":1,"minecraft:stone":1,"minecraft:black_concrete_powder":1,"minecraft:spruce_trapdoor":1,"minecraft:arrow":1,"minecraft:cyan_concrete":3,"minecraft:prismarine_bricks":8},"minecraft:killed_by":{"minecraft:armor_stand":19,"minecraft:witch":1},"minecraft:picked_up":{"minecraft:shulker_shell":1,"minecraft:seagrass":1,"minecraft:armor_stand":14,"minecraft:oak_sign":2,"minecraft:gold_nugget":6,"minecraft:black_glazed_terracotta":14,"minecraft:phantom_membrane":4,"minecraft:stick":3,"minecraft:stone_button":32,"minecraft:redstone":133,"minecraft:zombified_piglin_spawn_egg":1,"minecraft:zombie_spawn_egg":1,"minecraft:rotten_flesh":86,"minecraft:arrow":1,"minecraft:phantom_spawn_egg":2,"minecraft:repeating_command_block":1,"minecraft:command_block":1,"minecraft:cod":1,"minecraft:potato":1,"minecraft:prismarine_bricks":8,"minecraft:gunpowder":21,"minecraft:leather_boots":1,"minecraft:bone":2,"minecraft:witch_spawn_egg":1,"minecraft:iron_ingot":2,"minecraft:dark_oak_sign":2,"minecraft:glowstone_dust":16,"minecraft:glass_bottle":10,"minecraft:cyan_concrete":2,"minecraft:iron_sword":5,"minecraft:music_disc_13":161,"minecraft:spider_eye":3,"minecraft:polished_andesite":1,"minecraft:black_concrete_powder":1,"minecraft:slime_ball":19,"minecraft:lever":2,"minecraft:crossbow":118,"minecraft:lodestone":4,"minecraft:baked_potato":1},"minecraft:used":{"minecraft:netherite_sword":4,"minecraft:waxed_weathered_copper":38,"minecraft:red_concrete":100,"minecraft:tadpole_spawn_egg":6,"minecraft:armor_stand":1,"minecraft:redstone":1,"minecraft:polished_blackstone":2,"minecraft:zombie_villager_spawn_egg":1,"minecraft:oak_sign":6,"minecraft:spruce_planks":1,"minecraft:axolotl_spawn_egg":1,"minecraft:chest":3,"minecraft:stone":290,"minecraft:iron_sword":7,"minecraft:zombie_spawn_egg":56,"minecraft:sandstone_wall":12,"minecraft:structure_block":19,"minecraft:soul_campfire":1,"minecraft:spyglass":4,"minecraft:target":1,"minecraft:prismarine_bricks":6,"minecraft:music_disc_13":757,"minecraft:spruce_fence":27,"minecraft:blue_concrete":47,"minecraft:glass":28,"minecraft:honeycomb":4,"minecraft:cyan_terracotta":23,"minecraft:bricks":105,"minecraft:villager_spawn_egg":7,"minecraft:grass_block":29,"minecraft:oak_stairs":7,"minecraft:waxed_exposed_copper_trapdoor":48,"minecraft:stone_brick_stairs":16,"minecraft:barrel":1,"minecraft:stone_bricks":720,"minecraft:bow":69,"minecraft:item_frame":12,"minecraft:birch_button":2,"minecraft:reinforced_deepslate":50,"minecraft:redstone_lamp":4,"minecraft:lime_concrete":9,"minecraft:snow":38,"minecraft:iron_trapdoor":10,"minecraft:scaffolding":28,"minecraft:zombified_piglin_spawn_egg":4,"minecraft:turtle_spawn_egg":1,"minecraft:mossy_stone_bricks":1,"minecraft:water_bucket":18,"minecraft:waxed_exposed_chiseled_copper":12,"minecraft:lodestone":60,"minecraft:witch_spawn_egg":11,"minecraft:dark_oak_sign":104,"minecraft:polished_andesite":48,"minecraft:sandstone":2,"minecraft:cut_sandstone":1,"minecraft:redstone_block":1,"minecraft:structure_void":43,"minecraft:white_dye":1,"minecraft:glow_ink_sac":1,"minecraft:polished_tuff_stairs":12,"minecraft:light_blue_concrete":19,"minecraft:phantom_spawn_egg":4,"minecraft:yellow_concrete":9,"minecraft:crossbow":38219,"minecraft:campfire":2,"minecraft:skeleton_horse_spawn_egg":1,"minecraft:gray_concrete":13,"minecraft:black_concrete_powder":2,"minecraft:creeper_spawn_egg":34,"minecraft:polished_tuff":56,"minecraft:oak_log":68,"minecraft:polished_tuff_slab":49,"minecraft:gray_terracotta":14,"minecraft:dark_prismarine":4,"minecraft:netherite_block":500,"minecraft:lever":11,"minecraft:black_concrete":13,"minecraft:command_block":59,"minecraft:light_gray_concrete":13,"minecraft:bogged_spawn_egg":1,"minecraft:barrier":71,"minecraft:stone_button":54,"minecraft:leather_helmet":3,"minecraft:stone_slab":3,"minecraft:polished_granite":16,"minecraft:spruce_trapdoor":1,"minecraft:chiseled_tuff_bricks":11,"minecraft:chiseled_stone_bricks":12,"minecraft:cod_spawn_egg":2,"minecraft:smooth_stone_slab":24,"minecraft:magenta_glazed_terracotta":4,"minecraft:repeating_command_block":2,"minecraft:air":6,"minecraft:smooth_stone":39,"minecraft:waxed_copper_bulb":2,"minecraft:splash_potion":7,"minecraft:cobweb":3},"minecraft:killed":{"minecraft:bogged":1,"minecraft:zombified_piglin":5,"minecraft:witch":11,"minecraft:tadpole":21,"minecraft:slime":12,"minecraft:zoglin":1,"minecraft:shulker":12,"minecraft:phantom":9,"minecraft:chicken":1,"minecraft:silverfish":8,"minecraft:turtle":1,"minecraft:skeleton_horse":1,"minecraft:zombie_villager":1,"minecraft:creeper":13,"minecraft:zombie":72,"minecraft:villager":13}},"DataVersion":4082}