{
  "parent": "minecraft:item/generated",
  "textures": {
    "layer0": "minecraft:item/crossbow_standby"
  },
  "display": {
    "thirdperson_righthand": {
      "rotation": [
        -90,
        0,
        -60
      ],
      "translation": [
        2,
        0.1,
        -3
      ],
      "scale": [
        0.9,
        0.9,
        0.9
      ]
    },
    "thirdperson_lefthand": {
      "rotation": [
        -90,
        0,
        30
      ],
      "translation": [
        2,
        0.1,
        -3
      ],
      "scale": [
        0.9,
        0.9,
        0.9
      ]
    },
    "firstperson_righthand": {
      "rotation": [
        -90,
        0,
        -55
      ],
      "translation": [
        1.13,
        3.2,
        1.13
      ],
      "scale": [
        0.68,
        0.68,
        0.68
      ]
    },
    "firstperson_lefthand": {
      "rotation": [
        -90,
        0,
        35
      ],
      "translation": [
        1.13,
        3.2,
        1.13
      ],
      "scale": [
        0.68,
        0.68,
        0.68
      ]
    }
  },
  "overrides": [
    {
      "predicate": {
        "charged": 1
      },
      "model": "minecraft:item/crossbow_arrow"
    },
    {
      "predicate": {
        "charged": 1,
        "firework": 1
      },
      "model": "minecraft:item/crossbow_firework"
    },
    {
      "predicate": {
        "custom_model_data": 1
      },
      "model": "gun:item/gun/handgun"
    },
    {
      "predicate": {
        "custom_model_data": 2
      },
      "model": "gun:item/gun/machine_gun"
    },
    {
      "predicate": {
        "custom_model_data": 3
      },
      "model": "gun:item/gun/sniper_rifle"
    },
    {
      "predicate": {
        "custom_model_data": 4
      },
      "model": "gun:item/gun/shotgun"
    },
    {
      "predicate": {
        "custom_model_data": 5
      },
      "model": "gun:item/gun/asalt_rifle"
    }
  ]
}
