{
  "parent": "minecraft:item/template_music_disc",
  "textures": {
    "layer0": "minecraft:item/music_disc_13"
  },
  "overrides": [
    {
      "predicate": {
        "custom_model_data": 1
      },
      "model": "gun:item/sub/grenade"
    },
    {
      "predicate": {
        "custom_model_data": 2
      },
      "model": "gun:item/sub/smoke"
    },
    {
      "predicate": {
        "custom_model_data": 3
      },
      "model": "gun:item/sub/wall"
    },
    {
      "predicate": {
        "custom_model_data": 4
      },
      "model": "gun:item/sub/beacon"
    },
    {
      "predicate": {
        "custom_model_data": 5
      },
      "model": "gun:item/sub/mine"
    }
  ]
}