{
	"credit": "Made with Blockbench",
	"texture_size": [64, 64],
	"textures": {
		"0": "gun:item/gun/asalt_rifle",
		"particle": "gun:item/gun/asalt_rifle"
	},
	"elements": [
		{
			"from": [4, 0, -15.5],
			"to": [6.5, 1.5, -14],
			"rotation": {"angle": 0, "axis": "y", "origin": [4, 0, -15]},
			"faces": {
				"north": {"uv": [9.25, 7.75, 10, 8.25], "texture": "#0"},
				"east": {"uv": [1, 9.25, 1.5, 9.75], "texture": "#0"},
				"south": {"uv": [8, 9.25, 8.75, 9.75], "texture": "#0"},
				"west": {"uv": [3, 9.5, 3.5, 10], "texture": "#0"},
				"up": {"uv": [10, 8.75, 9.25, 8.25], "texture": "#0"},
				"down": {"uv": [9.5, 9.25, 8.75, 9.75], "texture": "#0"}
			}
		},
		{
			"from": [4.5, 0, -14],
			"to": [6, 1.5, 14.5],
			"rotation": {"angle": 0, "axis": "y", "origin": [5.25, 0.75, -6.5]},
			"faces": {
				"north": {"uv": [9.5, 3.5, 10, 4], "texture": "#0"},
				"east": {"uv": [0, 0, 7.25, 0.5], "texture": "#0"},
				"south": {"uv": [5.25, 9.5, 5.75, 10], "texture": "#0"},
				"west": {"uv": [0, 0.5, 7.25, 1], "texture": "#0"},
				"up": {"uv": [0.5, 8.25, 0, 1], "texture": "#0"},
				"down": {"uv": [1, 1, 0.5, 8.25], "texture": "#0"}
			}
		},
		{
			"from": [3.5, -1, -2],
			"to": [7, 2.5, 0],
			"rotation": {"angle": 0, "axis": "y", "origin": [3.5, 1.5, -1.5]},
			"faces": {
				"north": {"uv": [5.5, 3, 6.5, 4], "texture": "#0"},
				"east": {"uv": [3.75, 8.75, 4.25, 9.75], "texture": "#0"},
				"south": {"uv": [5.5, 4, 6.5, 5], "texture": "#0"},
				"west": {"uv": [4.25, 8.75, 4.75, 9.75], "texture": "#0"},
				"up": {"uv": [9.75, 4.75, 8.75, 4.25], "texture": "#0"},
				"down": {"uv": [9.5, 8.75, 8.5, 9.25], "texture": "#0"}
			}
		},
		{
			"from": [3.5, -1, 2.5],
			"to": [7, 2.5, 4.5],
			"rotation": {"angle": 0, "axis": "y", "origin": [3.5, 1.5, 2.5]},
			"faces": {
				"north": {"uv": [5.5, 5.5, 6.5, 6.5], "texture": "#0"},
				"east": {"uv": [4.75, 8.75, 5.25, 9.75], "texture": "#0"},
				"south": {"uv": [1, 6, 2, 7], "texture": "#0"},
				"west": {"uv": [0, 9, 0.5, 10], "texture": "#0"},
				"up": {"uv": [10, 5.25, 9, 4.75], "texture": "#0"},
				"down": {"uv": [6.25, 9, 5.25, 9.5], "texture": "#0"}
			}
		},
		{
			"from": [3.5, -1, -6.5],
			"to": [7, 2.5, -4.5],
			"rotation": {"angle": 0, "axis": "y", "origin": [3.5, 1.5, -6.5]},
			"faces": {
				"north": {"uv": [6, 1, 7, 2], "texture": "#0"},
				"east": {"uv": [9, 5.25, 9.5, 6.25], "texture": "#0"},
				"south": {"uv": [2, 6, 3, 7], "texture": "#0"},
				"west": {"uv": [0.5, 9.25, 1, 10.25], "texture": "#0"},
				"up": {"uv": [10.25, 3.25, 9.25, 2.75], "texture": "#0"},
				"down": {"uv": [10.25, 6.75, 9.25, 7.25], "texture": "#0"}
			}
		},
		{
			"from": [5.8125, 1.3125, -13.03125],
			"to": [6.5625, 2.0625, -10.96875],
			"rotation": {"angle": 0, "axis": "y", "origin": [5.8125, 0.9375, -12.9375]},
			"faces": {
				"north": {"uv": [4, 10.5, 4.25, 10.75], "texture": "#0"},
				"east": {"uv": [10, 9.75, 10.5, 10], "texture": "#0"},
				"south": {"uv": [10.5, 4, 10.75, 4.25], "texture": "#0"},
				"west": {"uv": [10.25, 0.5, 10.75, 0.75], "texture": "#0"},
				"up": {"uv": [1, 10.75, 0.75, 10.25], "texture": "#0"},
				"down": {"uv": [1.25, 10.25, 1, 10.75], "texture": "#0"}
			}
		},
		{
			"from": [5.8125, -0.5625, -13.03125],
			"to": [6.5625, 0.1875, -10.96875],
			"rotation": {"angle": 0, "axis": "y", "origin": [5.8125, -0.5625, -12.9375]},
			"faces": {
				"north": {"uv": [3.75, 10.5, 4, 10.75], "texture": "#0"},
				"east": {"uv": [10, 9.5, 10.5, 9.75], "texture": "#0"},
				"south": {"uv": [10.5, 3.75, 10.75, 4], "texture": "#0"},
				"west": {"uv": [9.75, 10, 10.25, 10.25], "texture": "#0"},
				"up": {"uv": [10.5, 0.5, 10.25, 0], "texture": "#0"},
				"down": {"uv": [0.75, 10.25, 0.5, 10.75], "texture": "#0"}
			}
		},
		{
			"from": [3.9375, 1.3125, -13.03125],
			"to": [4.6875, 2.0625, -10.96875],
			"rotation": {"angle": 0, "axis": "y", "origin": [3.5625, 0.9375, -12.9375]},
			"faces": {
				"north": {"uv": [3.5, 10.5, 3.75, 10.75], "texture": "#0"},
				"east": {"uv": [10, 8.5, 10.5, 8.75], "texture": "#0"},
				"south": {"uv": [10.5, 3.5, 10.75, 3.75], "texture": "#0"},
				"west": {"uv": [9, 10, 9.5, 10.25], "texture": "#0"},
				"up": {"uv": [10.25, 9.5, 10, 9], "texture": "#0"},
				"down": {"uv": [9.75, 10, 9.5, 10.5], "texture": "#0"}
			}
		},
		{
			"from": [3.9375, -0.5625, -13.03125],
			"to": [4.6875, 0.1875, -10.96875],
			"rotation": {"angle": 0, "axis": "y", "origin": [3.5625, -1.3125, -12.9375]},
			"faces": {
				"north": {"uv": [3, 10.5, 3.25, 10.75], "texture": "#0"},
				"east": {"uv": [10, 8, 10.5, 8.25], "texture": "#0"},
				"south": {"uv": [3.25, 10.5, 3.5, 10.75], "texture": "#0"},
				"west": {"uv": [10, 8.25, 10.5, 8.5], "texture": "#0"},
				"up": {"uv": [8.75, 10.5, 8.5, 10], "texture": "#0"},
				"down": {"uv": [9, 10, 8.75, 10.5], "texture": "#0"}
			}
		},
		{
			"from": [3.9375, -0.5625, -11.34375],
			"to": [6.5625, 2.0625, -10.96875],
			"rotation": {"angle": 0, "axis": "y", "origin": [3.9375, 1.3125, -11.34375]},
			"faces": {
				"north": {"uv": [0.75, 8.5, 1.5, 9.25], "texture": "#0"},
				"east": {"uv": [4.75, 9.75, 5, 10.5], "texture": "#0"},
				"south": {"uv": [8.5, 2.75, 9.25, 3.5], "texture": "#0"},
				"west": {"uv": [5, 9.75, 5.25, 10.5], "texture": "#0"},
				"up": {"uv": [10.5, 4.5, 9.75, 4.25], "texture": "#0"},
				"down": {"uv": [10.5, 4.5, 9.75, 4.75], "texture": "#0"}
			}
		},
		{
			"from": [3.9375, -0.5625, -12.1875],
			"to": [6.5625, 2.0625, -11.8125],
			"rotation": {"angle": 0, "axis": "y", "origin": [3.9375, 1.3125, -12.09375]},
			"faces": {
				"north": {"uv": [5.25, 8.25, 6, 9], "texture": "#0"},
				"east": {"uv": [4.25, 9.75, 4.5, 10.5], "texture": "#0"},
				"south": {"uv": [8.25, 5.5, 9, 6.25], "texture": "#0"},
				"west": {"uv": [4.5, 9.75, 4.75, 10.5], "texture": "#0"},
				"up": {"uv": [10.5, 2.5, 9.75, 2.25], "texture": "#0"},
				"down": {"uv": [10.5, 2.5, 9.75, 2.75], "texture": "#0"}
			}
		},
		{
			"from": [3.9375, -0.5625, -13.03125],
			"to": [6.5625, 2.0625, -12.65625],
			"rotation": {"angle": 0, "axis": "y", "origin": [3.9375, 1.3125, -13.03125]},
			"faces": {
				"north": {"uv": [0, 8.25, 0.75, 9], "texture": "#0"},
				"east": {"uv": [3.75, 9.75, 4, 10.5], "texture": "#0"},
				"south": {"uv": [8.25, 4.75, 9, 5.5], "texture": "#0"},
				"west": {"uv": [4, 9.75, 4.25, 10.5], "texture": "#0"},
				"up": {"uv": [8.25, 6.25, 7.5, 6], "texture": "#0"},
				"down": {"uv": [10.5, 1.75, 9.75, 2], "texture": "#0"}
			}
		},
		{
			"from": [5.8125, 1.3125, -11.03125],
			"to": [6.5625, 2.0625, -8.96875],
			"rotation": {"angle": 0, "axis": "y", "origin": [5.8125, 0.9375, -10.9375]},
			"faces": {
				"north": {"uv": [5, 10.5, 5.25, 10.75], "texture": "#0"},
				"east": {"uv": [6.25, 10.25, 6.75, 10.5], "texture": "#0"},
				"south": {"uv": [10.5, 5, 10.75, 5.25], "texture": "#0"},
				"west": {"uv": [10.25, 6.75, 10.75, 7], "texture": "#0"},
				"up": {"uv": [7, 10.75, 6.75, 10.25], "texture": "#0"},
				"down": {"uv": [10.5, 7, 10.25, 7.5], "texture": "#0"}
			}
		},
		{
			"from": [5.8125, -0.5625, -11.03125],
			"to": [6.5625, 0.1875, -8.96875],
			"rotation": {"angle": 0, "axis": "y", "origin": [5.8125, -0.5625, -10.9375]},
			"faces": {
				"north": {"uv": [4.75, 10.5, 5, 10.75], "texture": "#0"},
				"east": {"uv": [10.25, 3, 10.75, 3.25], "texture": "#0"},
				"south": {"uv": [10.5, 4.75, 10.75, 5], "texture": "#0"},
				"west": {"uv": [5.25, 10.25, 5.75, 10.5], "texture": "#0"},
				"up": {"uv": [6, 10.75, 5.75, 10.25], "texture": "#0"},
				"down": {"uv": [6.25, 10.25, 6, 10.75], "texture": "#0"}
			}
		},
		{
			"from": [3.9375, 1.3125, -11.03125],
			"to": [4.6875, 2.0625, -8.96875],
			"rotation": {"angle": 0, "axis": "y", "origin": [3.5625, 0.9375, -10.9375]},
			"faces": {
				"north": {"uv": [4.5, 10.5, 4.75, 10.75], "texture": "#0"},
				"east": {"uv": [10.25, 1.25, 10.75, 1.5], "texture": "#0"},
				"south": {"uv": [10.5, 4.5, 10.75, 4.75], "texture": "#0"},
				"west": {"uv": [10.25, 2.75, 10.75, 3], "texture": "#0"},
				"up": {"uv": [10.5, 4, 10.25, 3.5], "texture": "#0"},
				"down": {"uv": [10.5, 4.75, 10.25, 5.25], "texture": "#0"}
			}
		},
		{
			"from": [3.9375, -0.5625, -11.03125],
			"to": [4.6875, 0.1875, -8.96875],
			"rotation": {"angle": 0, "axis": "y", "origin": [3.5625, -1.3125, -10.9375]},
			"faces": {
				"north": {"uv": [4.25, 10.5, 4.5, 10.75], "texture": "#0"},
				"east": {"uv": [10.25, 1, 10.75, 1.25], "texture": "#0"},
				"south": {"uv": [10.5, 4.25, 10.75, 4.5], "texture": "#0"},
				"west": {"uv": [1.25, 10.25, 1.75, 10.5], "texture": "#0"},
				"up": {"uv": [2, 10.75, 1.75, 10.25], "texture": "#0"},
				"down": {"uv": [2.25, 10.25, 2, 10.75], "texture": "#0"}
			}
		},
		{
			"from": [3.9375, -0.5625, -9.34375],
			"to": [6.5625, 2.0625, -8.96875],
			"rotation": {"angle": 0, "axis": "y", "origin": [3.9375, 1.3125, -9.34375]},
			"faces": {
				"north": {"uv": [3, 8.75, 3.75, 9.5], "texture": "#0"},
				"east": {"uv": [0, 10, 0.25, 10.75], "texture": "#0"},
				"south": {"uv": [8.75, 3.5, 9.5, 4.25], "texture": "#0"},
				"west": {"uv": [10, 0, 10.25, 0.75], "texture": "#0"},
				"up": {"uv": [10.75, 1, 10, 0.75], "texture": "#0"},
				"down": {"uv": [2.25, 10, 1.5, 10.25], "texture": "#0"}
			}
		},
		{
			"from": [3.9375, -0.5625, -10.1875],
			"to": [6.5625, 2.0625, -9.8125],
			"rotation": {"angle": 0, "axis": "y", "origin": [3.9375, 1.3125, -10.09375]},
			"faces": {
				"north": {"uv": [7.75, 8.5, 8.5, 9.25], "texture": "#0"},
				"east": {"uv": [7.5, 9.75, 7.75, 10.5], "texture": "#0"},
				"south": {"uv": [8.5, 8, 9.25, 8.75], "texture": "#0"},
				"west": {"uv": [7.75, 9.75, 8, 10.5], "texture": "#0"},
				"up": {"uv": [8.75, 10, 8, 9.75], "texture": "#0"},
				"down": {"uv": [9.5, 9.75, 8.75, 10], "texture": "#0"}
			}
		},
		{
			"from": [3.9375, -0.5625, -11.03125],
			"to": [6.5625, 2.0625, -10.65625],
			"rotation": {"angle": 0, "axis": "y", "origin": [3.9375, 1.3125, -11.03125]},
			"faces": {
				"north": {"uv": [7, 8.5, 7.75, 9.25], "texture": "#0"},
				"east": {"uv": [7, 9.75, 7.25, 10.5], "texture": "#0"},
				"south": {"uv": [8.5, 7.25, 9.25, 8], "texture": "#0"},
				"west": {"uv": [7.25, 9.75, 7.5, 10.5], "texture": "#0"},
				"up": {"uv": [10.5, 6.5, 9.75, 6.25], "texture": "#0"},
				"down": {"uv": [10.5, 6.5, 9.75, 6.75], "texture": "#0"}
			}
		},
		{
			"from": [4.2, -0.2, -6],
			"to": [6.2, 1.8, 4],
			"rotation": {"angle": 0, "axis": "y", "origin": [4, 0, 0]},
			"faces": {
				"north": {"uv": [9.5, 5.25, 10, 5.75], "texture": "#0"},
				"east": {"uv": [4, 5, 6.5, 5.5], "texture": "#0"},
				"south": {"uv": [5.75, 9.5, 6.25, 10], "texture": "#0"},
				"west": {"uv": [2, 5.5, 4.5, 6], "texture": "#0"},
				"up": {"uv": [5, 8, 4.5, 5.5], "texture": "#0"},
				"down": {"uv": [5.5, 5.5, 5, 8], "texture": "#0"}
			}
		},
		{
			"from": [3.5, 1.5, -6.5],
			"to": [4.5, 2.5, 4.5],
			"rotation": {"angle": 0, "axis": "y", "origin": [3, 1, -6]},
			"faces": {
				"north": {"uv": [5.25, 8, 5.5, 8.25], "texture": "#0"},
				"east": {"uv": [7, 1, 9.75, 1.25], "texture": "#0"},
				"south": {"uv": [0.75, 8.25, 1, 8.5], "texture": "#0"},
				"west": {"uv": [7, 1.25, 9.75, 1.5], "texture": "#0"},
				"up": {"uv": [6.5, 9.25, 6.25, 6.5], "texture": "#0"},
				"down": {"uv": [1.75, 7, 1.5, 9.75], "texture": "#0"}
			}
		},
		{
			"from": [6, 1.5, -6.5],
			"to": [7, 2.5, 4.5],
			"rotation": {"angle": 0, "axis": "y", "origin": [6, 1, -6]},
			"faces": {
				"north": {"uv": [8, 10.25, 8.25, 10.5], "texture": "#0"},
				"east": {"uv": [6.5, 7, 9.25, 7.25], "texture": "#0"},
				"south": {"uv": [8.25, 10.25, 8.5, 10.5], "texture": "#0"},
				"west": {"uv": [7.25, 0, 10, 0.25], "texture": "#0"},
				"up": {"uv": [2.5, 9.75, 2.25, 7], "texture": "#0"},
				"down": {"uv": [2.75, 7, 2.5, 9.75], "texture": "#0"}
			}
		},
		{
			"from": [6, 1.5, -6.5],
			"to": [7, 2.5, 4.5],
			"rotation": {"angle": 0, "axis": "y", "origin": [6, 1, -6]},
			"faces": {
				"north": {"uv": [9, 10.25, 9.25, 10.5], "texture": "#0"},
				"east": {"uv": [7.25, 0.25, 10, 0.5], "texture": "#0"},
				"south": {"uv": [10.25, 9, 10.5, 9.25], "texture": "#0"},
				"west": {"uv": [7.25, 0.5, 10, 0.75], "texture": "#0"},
				"up": {"uv": [3, 9.75, 2.75, 7], "texture": "#0"},
				"down": {"uv": [7.5, 3.5, 7.25, 6.25], "texture": "#0"}
			}
		},
		{
			"from": [3.5, -1, -6.5],
			"to": [4.5, 0, 4.5],
			"rotation": {"angle": 0, "axis": "y", "origin": [3, -2, -6]},
			"faces": {
				"north": {"uv": [0.5, 9, 0.75, 9.25], "texture": "#0"},
				"east": {"uv": [7, 1.5, 9.75, 1.75], "texture": "#0"},
				"south": {"uv": [10.25, 7.5, 10.5, 7.75], "texture": "#0"},
				"west": {"uv": [7, 1.75, 9.75, 2], "texture": "#0"},
				"up": {"uv": [2, 9.75, 1.75, 7], "texture": "#0"},
				"down": {"uv": [2.25, 7, 2, 9.75], "texture": "#0"}
			}
		},
		{
			"from": [3.5, 1.5, 4.5],
			"to": [7, 2.5, 14.5],
			"rotation": {"angle": 0, "axis": "y", "origin": [3, 1, 4]},
			"faces": {
				"north": {"uv": [9.5, 4, 10.5, 4.25], "texture": "#0"},
				"east": {"uv": [7.25, 2.25, 9.75, 2.5], "texture": "#0"},
				"south": {"uv": [9.5, 5.75, 10.5, 6], "texture": "#0"},
				"west": {"uv": [7.25, 2.5, 9.75, 2.75], "texture": "#0"},
				"up": {"uv": [2, 3.5, 1, 1], "texture": "#0"},
				"down": {"uv": [3, 1, 2, 3.5], "texture": "#0"}
			}
		},
		{
			"from": [3.5, -1, 4.5],
			"to": [7, 0, 14.5],
			"rotation": {"angle": 0, "axis": "y", "origin": [3, -2, 4]},
			"faces": {
				"north": {"uv": [9.5, 6, 10.5, 6.25], "texture": "#0"},
				"east": {"uv": [7.25, 6.25, 9.75, 6.5], "texture": "#0"},
				"south": {"uv": [9.5, 8.75, 10.5, 9], "texture": "#0"},
				"west": {"uv": [7.25, 6.5, 9.75, 6.75], "texture": "#0"},
				"up": {"uv": [4, 3.5, 3, 1], "texture": "#0"},
				"down": {"uv": [2, 3.5, 1, 6], "texture": "#0"}
			}
		},
		{
			"from": [4.75, 2.5, 5.5],
			"to": [5.75, 4.5, 6.5],
			"rotation": {"angle": 0, "axis": "y", "origin": [4.625, 3.25, 5.5]},
			"faces": {
				"north": {"uv": [8, 4.75, 8.25, 5.25], "texture": "#0"},
				"east": {"uv": [8.25, 7.25, 8.5, 7.75], "texture": "#0"},
				"south": {"uv": [0.25, 10, 0.5, 10.5], "texture": "#0"},
				"west": {"uv": [2.25, 10, 2.5, 10.5], "texture": "#0"},
				"up": {"uv": [9.5, 10.5, 9.25, 10.25], "texture": "#0"},
				"down": {"uv": [10.5, 9.25, 10.25, 9.5], "texture": "#0"}
			}
		},
		{
			"from": [4.75, 2.5, 3],
			"to": [5.75, 4.5, 4],
			"rotation": {"angle": 0, "axis": "y", "origin": [4.625, 3.25, 2.5]},
			"faces": {
				"north": {"uv": [3, 10, 3.25, 10.5], "texture": "#0"},
				"east": {"uv": [3.25, 10, 3.5, 10.5], "texture": "#0"},
				"south": {"uv": [10, 3.5, 10.25, 4], "texture": "#0"},
				"west": {"uv": [10, 4.75, 10.25, 5.25], "texture": "#0"},
				"up": {"uv": [10, 10.5, 9.75, 10.25], "texture": "#0"},
				"down": {"uv": [10.25, 10.25, 10, 10.5], "texture": "#0"}
			}
		},
		{
			"from": [4.5, 4, 2],
			"to": [6, 5.5, 7],
			"rotation": {"angle": 0, "axis": "y", "origin": [4, 4, 3]},
			"faces": {
				"north": {"uv": [9.5, 9, 10, 9.5], "texture": "#0"},
				"east": {"uv": [7, 7.25, 8.25, 7.75], "texture": "#0"},
				"south": {"uv": [9.5, 9.5, 10, 10], "texture": "#0"},
				"west": {"uv": [7.5, 3.5, 8.75, 4], "texture": "#0"},
				"up": {"uv": [4.5, 8.75, 4, 7.5], "texture": "#0"},
				"down": {"uv": [8, 4, 7.5, 5.25], "texture": "#0"}
			}
		},
		{
			"from": [4, 3.5, -3],
			"to": [6.5, 6, 2],
			"rotation": {"angle": 0, "axis": "y", "origin": [4, 4, 0]},
			"faces": {
				"north": {"uv": [7.5, 5.25, 8.25, 6], "texture": "#0"},
				"east": {"uv": [6, 2, 7.25, 2.75], "texture": "#0"},
				"south": {"uv": [5.5, 7.5, 6.25, 8.25], "texture": "#0"},
				"west": {"uv": [6.5, 2.75, 7.75, 3.5], "texture": "#0"},
				"up": {"uv": [7.25, 4.75, 6.5, 3.5], "texture": "#0"},
				"down": {"uv": [7.25, 4.75, 6.5, 6], "texture": "#0"}
			}
		},
		{
			"from": [4, 3.5, 7],
			"to": [6.5, 6, 10],
			"rotation": {"angle": 0, "axis": "y", "origin": [4, 4, 10]},
			"faces": {
				"north": {"uv": [7.75, 2.75, 8.5, 3.5], "texture": "#0"},
				"east": {"uv": [7, 7.75, 7.75, 8.5], "texture": "#0"},
				"south": {"uv": [7.75, 7.75, 8.5, 8.5], "texture": "#0"},
				"west": {"uv": [3, 8, 3.75, 8.75], "texture": "#0"},
				"up": {"uv": [8.75, 4.75, 8, 4], "texture": "#0"},
				"down": {"uv": [5.25, 8, 4.5, 8.75], "texture": "#0"}
			}
		},
		{
			"from": [3.5, -5.5, 14.5],
			"to": [7, 2.5, 16.5],
			"rotation": {"angle": 0, "axis": "y", "origin": [3, 0, 14]},
			"faces": {
				"north": {"uv": [2, 3.5, 3, 5.5], "texture": "#0"},
				"east": {"uv": [3, 6, 3.5, 8], "texture": "#0"},
				"south": {"uv": [3, 3.5, 4, 5.5], "texture": "#0"},
				"west": {"uv": [3.5, 6, 4, 8], "texture": "#0"},
				"up": {"uv": [8, 9.75, 7, 9.25], "texture": "#0"},
				"down": {"uv": [10.25, 7.25, 9.25, 7.75], "texture": "#0"}
			}
		},
		{
			"from": [4, -5, 7],
			"to": [6.5, -1, 14.5],
			"rotation": {"angle": 0, "axis": "y", "origin": [4, -5, 12]},
			"faces": {
				"north": {"uv": [5.5, 6.5, 6.25, 7.5], "texture": "#0"},
				"east": {"uv": [4, 1, 6, 2], "texture": "#0"},
				"south": {"uv": [6.5, 6, 7.25, 7], "texture": "#0"},
				"west": {"uv": [4, 2, 6, 3], "texture": "#0"},
				"up": {"uv": [4.75, 5, 4, 3], "texture": "#0"},
				"down": {"uv": [5.5, 3, 4.75, 5], "texture": "#0"}
			}
		},
		{
			"from": [4.5, -5, 6],
			"to": [6, -3.75, 7],
			"rotation": {"angle": 0, "axis": "y", "origin": [4, -5, 6]},
			"faces": {
				"north": {"uv": [6, 2.75, 6.5, 3], "texture": "#0"},
				"east": {"uv": [10.25, 10, 10.5, 10.25], "texture": "#0"},
				"south": {"uv": [8.75, 6.75, 9.25, 7], "texture": "#0"},
				"west": {"uv": [10.25, 10.25, 10.5, 10.5], "texture": "#0"},
				"up": {"uv": [10.5, 2.25, 10, 2], "texture": "#0"},
				"down": {"uv": [5.75, 10, 5.25, 10.25], "texture": "#0"}
			}
		},
		{
			"from": [4.5, 0, 2],
			"to": [6, 1.25, 8],
			"rotation": {"angle": 45, "axis": "x", "origin": [4, 0, 1]},
			"faces": {
				"north": {"uv": [10, 5.25, 10.5, 5.5], "texture": "#0"},
				"east": {"uv": [7.25, 6.75, 8.75, 7], "texture": "#0"},
				"south": {"uv": [10, 5.5, 10.5, 5.75], "texture": "#0"},
				"west": {"uv": [9.25, 3.25, 10.75, 3.5], "texture": "#0"},
				"up": {"uv": [4.5, 7.5, 4, 6], "texture": "#0"},
				"down": {"uv": [1.5, 7, 1, 8.5], "texture": "#0"}
			}
		},
		{
			"from": [6, -1, -6.5],
			"to": [7, 0, 4.5],
			"rotation": {"angle": 0, "axis": "y", "origin": [6, -1, -6]},
			"faces": {
				"north": {"uv": [10.5, 0, 10.75, 0.25], "texture": "#0"},
				"east": {"uv": [7.25, 0.75, 10, 1], "texture": "#0"},
				"south": {"uv": [0.25, 10.5, 0.5, 10.75], "texture": "#0"},
				"west": {"uv": [7.25, 2, 10, 2.25], "texture": "#0"},
				"up": {"uv": [6.75, 10, 6.5, 7.25], "texture": "#0"},
				"down": {"uv": [7, 7.25, 6.75, 10], "texture": "#0"}
			}
		},
		{
			"from": [4, -1, 0],
			"to": [6, 0, 2],
			"rotation": {"angle": 0, "axis": "y", "origin": [4, -1, 0]},
			"faces": {
				"north": {"uv": [5.75, 10, 6.25, 10.25], "texture": "#0"},
				"east": {"uv": [6.5, 10, 7, 10.25], "texture": "#0"},
				"south": {"uv": [10, 7.75, 10.5, 8], "texture": "#0"},
				"west": {"uv": [8, 10, 8.5, 10.25], "texture": "#0"},
				"up": {"uv": [1.5, 10.25, 1, 9.75], "texture": "#0"},
				"down": {"uv": [10.25, 1, 9.75, 1.5], "texture": "#0"}
			}
		},
		{
			"from": [4.8, -4, 1],
			"to": [5.6, -1, 1.5],
			"rotation": {"angle": 0, "axis": "y", "origin": [5, -3, 0]},
			"faces": {
				"north": {"uv": [3.75, 8, 4, 8.75], "texture": "#0"},
				"east": {"uv": [6, 8.25, 6.25, 9], "texture": "#0"},
				"south": {"uv": [2.5, 9.75, 2.75, 10.5], "texture": "#0"},
				"west": {"uv": [2.75, 9.75, 3, 10.5], "texture": "#0"},
				"up": {"uv": [10.75, 0.5, 10.5, 0.25], "texture": "#0"},
				"down": {"uv": [1.5, 10.5, 1.25, 10.75], "texture": "#0"}
			}
		},
		{
			"from": [4.8, -2.5, 2.5],
			"to": [5.6, -1.5, 3],
			"rotation": {"angle": 0, "axis": "y", "origin": [5, -1, 1]},
			"faces": {
				"north": {"uv": [10.5, 2, 10.75, 2.25], "texture": "#0"},
				"east": {"uv": [2.25, 10.5, 2.5, 10.75], "texture": "#0"},
				"south": {"uv": [10.5, 2.25, 10.75, 2.5], "texture": "#0"},
				"west": {"uv": [2.5, 10.5, 2.75, 10.75], "texture": "#0"},
				"up": {"uv": [10.75, 2.75, 10.5, 2.5], "texture": "#0"},
				"down": {"uv": [3, 10.5, 2.75, 10.75], "texture": "#0"}
			}
		},
		{
			"from": [4.8, -4, 1],
			"to": [5.6, -3.6, 5],
			"rotation": {"angle": 0, "axis": "y", "origin": [5, -4, 1]},
			"faces": {
				"north": {"uv": [1.5, 10.5, 1.75, 10.75], "texture": "#0"},
				"east": {"uv": [1.5, 9.75, 2.5, 10], "texture": "#0"},
				"south": {"uv": [10.5, 1.75, 10.75, 2], "texture": "#0"},
				"west": {"uv": [9.75, 1.5, 10.75, 1.75], "texture": "#0"},
				"up": {"uv": [6.5, 10.25, 6.25, 9.25], "texture": "#0"},
				"down": {"uv": [3.75, 9.5, 3.5, 10.5], "texture": "#0"}
			}
		}
	],
	"display": {
		"thirdperson_righthand": {
			"translation": [1.5, 6, -0.5],
			"scale": [0.5, 0.5, 0.5]
		},
		"thirdperson_lefthand": {
			"translation": [-1.5, 6, -0.5],
			"scale": [0.5, 0.5, 0.5]
		},
		"firstperson_righthand": {
			"translation": [0, 9.75, 0]
		},
		"firstperson_lefthand": {
			"translation": [-3.5, 9.75, 0]
		},
		"ground": {
			"translation": [0, 7.5, 0],
			"scale": [0.8, 0.8, 0.8]
		},
		"gui": {
			"rotation": [90, 60, -90],
			"translation": [6, 2.75, 0],
			"scale": [0.6, 0.6, 0.6]
		},
		"fixed": {
			"rotation": [90, 60, -90],
			"translation": [6, 2.75, -1],
			"scale": [0.6, 0.6, 0.6]
		}
	}
}