{
	"credit": "Made with Blockbench",
	"texture_size": [32, 32],
	"textures": {
		"0": "gun:item/gun/handgun"
	},
	"elements": [
		{
			"from": [7.6, 3.7, 5.6],
			"to": [8.4, 5.2, 10.4],
			"rotation": {"angle": 0, "axis": "y", "origin": [8, 4, 8]},
			"faces": {
				"north": {"uv": [3, 4, 3.375, 4.75], "texture": "#0"},
				"east": {"uv": [2, 0, 4.375, 0.75], "texture": "#0"},
				"south": {"uv": [3.5, 4, 3.875, 4.75], "texture": "#0"},
				"west": {"uv": [2, 1, 4.375, 1.75], "texture": "#0"},
				"up": {"uv": [0.375, 5.375, 0, 3], "texture": "#0"},
				"down": {"uv": [0.875, 3, 0.5, 5.375], "texture": "#0"}
			}
		},
		{
			"from": [7.6, 3.7, 12],
			"to": [8.4, 5.2, 12.9],
			"rotation": {"angle": 0, "axis": "y", "origin": [8, 4, 12.9]},
			"faces": {
				"north": {"uv": [4, 4, 4.375, 4.75], "texture": "#0"},
				"east": {"uv": [1, 3, 1.4375, 3.75], "texture": "#0"},
				"south": {"uv": [4.5, 0, 4.875, 0.75], "texture": "#0"},
				"west": {"uv": [1.5, 3, 1.9375, 3.75], "texture": "#0"},
				"up": {"uv": [4.875, 4.4375, 4.5, 4], "texture": "#0"},
				"down": {"uv": [4.875, 4.5, 4.5, 4.9375], "texture": "#0"}
			}
		},
		{
			"from": [7.6, 4.4, 12.9],
			"to": [8.4, 4.5, 13.2],
			"rotation": {"angle": 0, "axis": "y", "origin": [8, 4, 13.8]},
			"faces": {
				"north": {"uv": [4, 7, 4.375, 7.0625], "texture": "#0"},
				"east": {"uv": [9.5, 5.5, 9.625, 5.5625], "texture": "#0"},
				"south": {"uv": [7, 4, 7.375, 4.0625], "texture": "#0"},
				"west": {"uv": [6, 9.5, 6.125, 9.5625], "texture": "#0"},
				"up": {"uv": [6.375, 5.625, 6, 5.5], "texture": "#0"},
				"down": {"uv": [6.375, 6, 6, 6.125], "texture": "#0"}
			}
		},
		{
			"from": [7.4, 4, 10.8],
			"to": [7.6, 4.15, 11.6],
			"rotation": {"angle": 0, "axis": "y", "origin": [7.2, 3.4, 11.7]},
			"faces": {
				"north": {"uv": [9.5, 6.5, 9.625, 6.5625], "texture": "#0"},
				"east": {"uv": [5, 7, 5.375, 7.0625], "texture": "#0"},
				"south": {"uv": [7, 9.5, 7.125, 9.5625], "texture": "#0"},
				"west": {"uv": [7, 5, 7.375, 5.0625], "texture": "#0"},
				"up": {"uv": [0.125, 6.875, 0, 6.5], "texture": "#0"},
				"down": {"uv": [6.625, 0, 6.5, 0.375], "texture": "#0"}
			}
		},
		{
			"from": [7.8, 5.2, 12.7],
			"to": [8.2, 5.5, 12.8],
			"rotation": {"angle": 0, "axis": "y", "origin": [8, 5.35, 12.75]},
			"faces": {
				"north": {"uv": [4.5, 7, 4.6875, 7.125], "texture": "#0"},
				"east": {"uv": [9.5, 6, 9.5625, 6.125], "texture": "#0"},
				"south": {"uv": [7, 4.5, 7.1875, 4.625], "texture": "#0"},
				"west": {"uv": [6.5, 9.5, 6.5625, 9.625], "texture": "#0"},
				"up": {"uv": [7.6875, 4.0625, 7.5, 4], "texture": "#0"},
				"down": {"uv": [4.6875, 7.5, 4.5, 7.5625], "texture": "#0"}
			}
		},
		{
			"from": [7.6, 0, 10.4],
			"to": [8.4, 5.2, 12],
			"rotation": {"angle": 0, "axis": "y", "origin": [8, 4, 11.2]},
			"faces": {
				"north": {"uv": [2, 2, 2.375, 4.625], "texture": "#0"},
				"east": {"uv": [0, 0, 0.8125, 2.625], "texture": "#0"},
				"south": {"uv": [2.5, 2, 2.875, 4.625], "texture": "#0"},
				"west": {"uv": [1, 0, 1.8125, 2.625], "texture": "#0"},
				"up": {"uv": [1.375, 4.8125, 1, 4], "texture": "#0"},
				"down": {"uv": [1.875, 4, 1.5, 4.8125], "texture": "#0"}
			}
		},
		{
			"from": [7.5, 4.5, 5.6],
			"to": [7.6, 5.2, 10.4],
			"rotation": {"angle": 0, "axis": "y", "origin": [7.2, 4, 8]},
			"faces": {
				"north": {"uv": [3.5, 6.5, 3.5625, 6.875], "texture": "#0"},
				"east": {"uv": [3, 2, 5.375, 2.375], "texture": "#0"},
				"south": {"uv": [6.5, 3.5, 6.5625, 3.875], "texture": "#0"},
				"west": {"uv": [3, 2.5, 5.375, 2.875], "texture": "#0"},
				"up": {"uv": [1.0625, 7.375, 1, 5], "texture": "#0"},
				"down": {"uv": [1.5625, 5, 1.5, 7.375], "texture": "#0"}
			}
		},
		{
			"from": [8.4, 4.5, 5.6],
			"to": [8.5, 5.2, 10.4],
			"rotation": {"angle": 0, "axis": "y", "origin": [8.1, 4, 8]},
			"faces": {
				"north": {"uv": [7, 2, 7.0625, 2.375], "texture": "#0"},
				"east": {"uv": [3, 3, 5.375, 3.375], "texture": "#0"},
				"south": {"uv": [3, 7, 3.0625, 7.375], "texture": "#0"},
				"west": {"uv": [3, 3.5, 5.375, 3.875], "texture": "#0"},
				"up": {"uv": [2.0625, 7.375, 2, 5], "texture": "#0"},
				"down": {"uv": [2.5625, 5, 2.5, 7.375], "texture": "#0"}
			}
		},
		{
			"from": [7.4, 4.1, 8.7],
			"to": [7.6, 4.5, 9.8],
			"rotation": {"angle": 0, "axis": "y", "origin": [7.2, 3.3, 8]},
			"faces": {
				"north": {"uv": [6.5, 4, 6.625, 4.1875], "texture": "#0"},
				"east": {"uv": [5, 4, 5.5625, 4.1875], "texture": "#0"},
				"south": {"uv": [4.5, 6.5, 4.625, 6.6875], "texture": "#0"},
				"west": {"uv": [4.5, 5, 5.0625, 5.1875], "texture": "#0"},
				"up": {"uv": [5.625, 3.5625, 5.5, 3], "texture": "#0"},
				"down": {"uv": [3.625, 5.5, 3.5, 6.0625], "texture": "#0"}
			}
		},
		{
			"from": [8.4, 4, 10.8],
			"to": [8.6, 4.15, 11.6],
			"rotation": {"angle": 0, "axis": "y", "origin": [8.2, 3.4, 11.7]},
			"faces": {
				"north": {"uv": [9.5, 7.5, 9.625, 7.5625], "texture": "#0"},
				"east": {"uv": [7, 7, 7.375, 7.0625], "texture": "#0"},
				"south": {"uv": [8, 9.5, 8.125, 9.5625], "texture": "#0"},
				"west": {"uv": [0, 7.5, 0.375, 7.5625], "texture": "#0"},
				"up": {"uv": [6.625, 1.875, 6.5, 1.5], "texture": "#0"},
				"down": {"uv": [6.625, 2, 6.5, 2.375], "texture": "#0"}
			}
		},
		{
			"from": [8.4, 4.1, 8.7],
			"to": [8.6, 4.5, 9.8],
			"rotation": {"angle": 0, "axis": "y", "origin": [8.2, 3.3, 8]},
			"faces": {
				"north": {"uv": [6.5, 7, 6.625, 7.1875], "texture": "#0"},
				"east": {"uv": [5.5, 1, 6.0625, 1.1875], "texture": "#0"},
				"south": {"uv": [7, 6.5, 7.125, 6.6875], "texture": "#0"},
				"west": {"uv": [5.5, 1.5, 6.0625, 1.6875], "texture": "#0"},
				"up": {"uv": [4.125, 6.5625, 4, 6], "texture": "#0"},
				"down": {"uv": [6.125, 4, 6, 4.5625], "texture": "#0"}
			}
		},
		{
			"from": [8.4, 4.1, 8.7],
			"to": [8.6, 4.5, 9.8],
			"rotation": {"angle": 0, "axis": "y", "origin": [8.2, 3.3, 8]},
			"faces": {
				"north": {"uv": [3.5, 7, 3.625, 7.1875], "texture": "#0"},
				"east": {"uv": [5, 4.5, 5.5625, 4.6875], "texture": "#0"},
				"south": {"uv": [7, 3.5, 7.125, 3.6875], "texture": "#0"},
				"west": {"uv": [0, 5.5, 0.5625, 5.6875], "texture": "#0"},
				"up": {"uv": [0.625, 6.5625, 0.5, 6], "texture": "#0"},
				"down": {"uv": [6.125, 2, 6, 2.5625], "texture": "#0"}
			}
		},
		{
			"from": [8, 5.2, 5.1],
			"to": [8.1, 5.4, 5.5],
			"rotation": {"angle": 0, "axis": "y", "origin": [7.7, 4.4, 4.3]},
			"faces": {
				"north": {"uv": [9.5, 3.5, 9.5625, 3.625], "texture": "#0"},
				"east": {"uv": [6.5, 4.5, 6.6875, 4.625], "texture": "#0"},
				"south": {"uv": [4, 9.5, 4.0625, 9.625], "texture": "#0"},
				"west": {"uv": [5, 6.5, 5.1875, 6.625], "texture": "#0"},
				"up": {"uv": [7.5625, 0.1875, 7.5, 0], "texture": "#0"},
				"down": {"uv": [0.5625, 7.5, 0.5, 7.6875], "texture": "#0"}
			}
		},
		{
			"from": [7.6, 4.3, 5],
			"to": [8.4, 5.2, 5.6],
			"rotation": {"angle": 0, "axis": "y", "origin": [8, 3.4, 7.4]},
			"faces": {
				"north": {"uv": [4.5, 1, 4.875, 1.4375], "texture": "#0"},
				"east": {"uv": [5, 0, 5.3125, 0.4375], "texture": "#0"},
				"south": {"uv": [4.5, 1.5, 4.875, 1.9375], "texture": "#0"},
				"west": {"uv": [5, 0.5, 5.3125, 0.9375], "texture": "#0"},
				"up": {"uv": [3.875, 5.3125, 3.5, 5], "texture": "#0"},
				"down": {"uv": [4.375, 5, 4, 5.3125], "texture": "#0"}
			}
		},
		{
			"from": [7.8, 3.7, 5],
			"to": [8.2, 4.3, 5.6],
			"rotation": {"angle": 0, "axis": "y", "origin": [8, 2.5, 7.4]},
			"faces": {
				"north": {"uv": [4.5, 6, 4.6875, 6.3125], "texture": "#0"},
				"east": {"uv": [5.5, 2, 5.8125, 2.3125], "texture": "#0"},
				"south": {"uv": [5, 6, 5.1875, 6.3125], "texture": "#0"},
				"west": {"uv": [5.5, 2.5, 5.8125, 2.8125], "texture": "#0"},
				"up": {"uv": [6.1875, 5.3125, 6, 5], "texture": "#0"},
				"down": {"uv": [5.6875, 6, 5.5, 6.3125], "texture": "#0"}
			}
		},
		{
			"from": [7.8, 3.5, 5.7],
			"to": [8.2, 3.7, 5.8],
			"rotation": {"angle": 0, "axis": "y", "origin": [8, 2.5, 8.1]},
			"faces": {
				"north": {"uv": [6.5, 5, 6.6875, 5.125], "texture": "#0"},
				"east": {"uv": [9.5, 4, 9.5625, 4.125], "texture": "#0"},
				"south": {"uv": [5.5, 6.5, 5.6875, 6.625], "texture": "#0"},
				"west": {"uv": [4.5, 9.5, 4.5625, 9.625], "texture": "#0"},
				"up": {"uv": [7.6875, 0.5625, 7.5, 0.5], "texture": "#0"},
				"down": {"uv": [1.1875, 7.5, 1, 7.5625], "texture": "#0"}
			}
		},
		{
			"from": [7.8, 3.5, 6.1],
			"to": [8.2, 3.7, 6.2],
			"rotation": {"angle": 0, "axis": "y", "origin": [8, 2.5, 8.5]},
			"faces": {
				"north": {"uv": [6.5, 5.5, 6.6875, 5.625], "texture": "#0"},
				"east": {"uv": [9.5, 4.5, 9.5625, 4.625], "texture": "#0"},
				"south": {"uv": [6, 6.5, 6.1875, 6.625], "texture": "#0"},
				"west": {"uv": [5, 9.5, 5.0625, 9.625], "texture": "#0"},
				"up": {"uv": [7.6875, 1.0625, 7.5, 1], "texture": "#0"},
				"down": {"uv": [1.6875, 7.5, 1.5, 7.5625], "texture": "#0"}
			}
		},
		{
			"from": [7.8, 3.5, 6.5],
			"to": [8.2, 3.7, 6.6],
			"rotation": {"angle": 0, "axis": "y", "origin": [8, 2.5, 8.9]},
			"faces": {
				"north": {"uv": [6.5, 6, 6.6875, 6.125], "texture": "#0"},
				"east": {"uv": [9.5, 5, 9.5625, 5.125], "texture": "#0"},
				"south": {"uv": [6.5, 6.5, 6.6875, 6.625], "texture": "#0"},
				"west": {"uv": [5.5, 9.5, 5.5625, 9.625], "texture": "#0"},
				"up": {"uv": [7.6875, 1.5625, 7.5, 1.5], "texture": "#0"},
				"down": {"uv": [2.1875, 7.5, 2, 7.5625], "texture": "#0"}
			}
		},
		{
			"from": [7.5, 4.8, 12.4],
			"to": [7.6, 5.2, 12.5],
			"rotation": {"angle": 0, "axis": "y", "origin": [7.5, 5, 12.45]},
			"faces": {
				"north": {"uv": [7.5, 4.5, 7.5625, 4.6875], "texture": "#0"},
				"east": {"uv": [5, 7.5, 5.0625, 7.6875], "texture": "#0"},
				"south": {"uv": [7.5, 5, 7.5625, 5.1875], "texture": "#0"},
				"west": {"uv": [5.5, 7.5, 5.5625, 7.6875], "texture": "#0"},
				"up": {"uv": [9.5625, 8.0625, 9.5, 8], "texture": "#0"},
				"down": {"uv": [8.5625, 9.5, 8.5, 9.5625], "texture": "#0"}
			}
		},
		{
			"from": [7.5, 4.8, 12.6],
			"to": [7.6, 5.2, 12.7],
			"rotation": {"angle": 0, "axis": "y", "origin": [7.5, 5, 12.65]},
			"faces": {
				"north": {"uv": [7.5, 5.5, 7.5625, 5.6875], "texture": "#0"},
				"east": {"uv": [6, 7.5, 6.0625, 7.6875], "texture": "#0"},
				"south": {"uv": [7.5, 6, 7.5625, 6.1875], "texture": "#0"},
				"west": {"uv": [6.5, 7.5, 6.5625, 7.6875], "texture": "#0"},
				"up": {"uv": [9.5625, 8.5625, 9.5, 8.5], "texture": "#0"},
				"down": {"uv": [9.0625, 9.5, 9, 9.5625], "texture": "#0"}
			}
		},
		{
			"from": [7.5, 4.8, 12.2],
			"to": [7.6, 5.2, 12.3],
			"rotation": {"angle": 0, "axis": "y", "origin": [7.5, 5, 12.25]},
			"faces": {
				"north": {"uv": [7.5, 6.5, 7.5625, 6.6875], "texture": "#0"},
				"east": {"uv": [7, 7.5, 7.0625, 7.6875], "texture": "#0"},
				"south": {"uv": [7.5, 7, 7.5625, 7.1875], "texture": "#0"},
				"west": {"uv": [7.5, 7.5, 7.5625, 7.6875], "texture": "#0"},
				"up": {"uv": [9.5625, 9.0625, 9.5, 9], "texture": "#0"},
				"down": {"uv": [9.5625, 9.5, 9.5, 9.5625], "texture": "#0"}
			}
		},
		{
			"from": [7.5, 4.8, 12],
			"to": [7.6, 5.2, 12.1],
			"rotation": {"angle": 0, "axis": "y", "origin": [7.5, 5, 12.05]},
			"faces": {
				"north": {"uv": [0, 8, 0.0625, 8.1875], "texture": "#0"},
				"east": {"uv": [8, 0, 8.0625, 0.1875], "texture": "#0"},
				"south": {"uv": [0.5, 8, 0.5625, 8.1875], "texture": "#0"},
				"west": {"uv": [8, 0.5, 8.0625, 0.6875], "texture": "#0"},
				"up": {"uv": [0.0625, 10.0625, 0, 10], "texture": "#0"},
				"down": {"uv": [10.0625, 0, 10, 0.0625], "texture": "#0"}
			}
		},
		{
			"from": [7.5, 4.8, 11.8],
			"to": [7.6, 5.2, 11.9],
			"rotation": {"angle": 0, "axis": "y", "origin": [7.5, 5, 11.85]},
			"faces": {
				"north": {"uv": [1, 8, 1.0625, 8.1875], "texture": "#0"},
				"east": {"uv": [8, 1, 8.0625, 1.1875], "texture": "#0"},
				"south": {"uv": [1.5, 8, 1.5625, 8.1875], "texture": "#0"},
				"west": {"uv": [8, 1.5, 8.0625, 1.6875], "texture": "#0"},
				"up": {"uv": [0.5625, 10.0625, 0.5, 10], "texture": "#0"},
				"down": {"uv": [10.0625, 0.5, 10, 0.5625], "texture": "#0"}
			}
		},
		{
			"from": [7.5, 4.8, 11.6],
			"to": [7.6, 5.2, 11.7],
			"rotation": {"angle": 0, "axis": "y", "origin": [7.5, 5, 11.65]},
			"faces": {
				"north": {"uv": [2, 8, 2.0625, 8.1875], "texture": "#0"},
				"east": {"uv": [8, 2, 8.0625, 2.1875], "texture": "#0"},
				"south": {"uv": [2.5, 8, 2.5625, 8.1875], "texture": "#0"},
				"west": {"uv": [8, 2.5, 8.0625, 2.6875], "texture": "#0"},
				"up": {"uv": [1.0625, 10.0625, 1, 10], "texture": "#0"},
				"down": {"uv": [10.0625, 1, 10, 1.0625], "texture": "#0"}
			}
		},
		{
			"from": [7.5, 4.8, 11.4],
			"to": [7.6, 5.2, 11.5],
			"rotation": {"angle": 0, "axis": "y", "origin": [7.5, 5, 11.45]},
			"faces": {
				"north": {"uv": [3, 8, 3.0625, 8.1875], "texture": "#0"},
				"east": {"uv": [8, 3, 8.0625, 3.1875], "texture": "#0"},
				"south": {"uv": [3.5, 8, 3.5625, 8.1875], "texture": "#0"},
				"west": {"uv": [8, 3.5, 8.0625, 3.6875], "texture": "#0"},
				"up": {"uv": [1.5625, 10.0625, 1.5, 10], "texture": "#0"},
				"down": {"uv": [10.0625, 1.5, 10, 1.5625], "texture": "#0"}
			}
		},
		{
			"from": [7.5, 4.8, 11.2],
			"to": [7.6, 5.2, 11.3],
			"rotation": {"angle": 0, "axis": "y", "origin": [7.5, 5, 11.25]},
			"faces": {
				"north": {"uv": [4, 8, 4.0625, 8.1875], "texture": "#0"},
				"east": {"uv": [8, 4, 8.0625, 4.1875], "texture": "#0"},
				"south": {"uv": [4.5, 8, 4.5625, 8.1875], "texture": "#0"},
				"west": {"uv": [8, 4.5, 8.0625, 4.6875], "texture": "#0"},
				"up": {"uv": [2.0625, 10.0625, 2, 10], "texture": "#0"},
				"down": {"uv": [10.0625, 2, 10, 2.0625], "texture": "#0"}
			}
		},
		{
			"from": [7.5, 4.8, 11],
			"to": [7.6, 5.2, 11.1],
			"rotation": {"angle": 0, "axis": "y", "origin": [7.5, 5, 11.05]},
			"faces": {
				"north": {"uv": [5, 8, 5.0625, 8.1875], "texture": "#0"},
				"east": {"uv": [8, 5, 8.0625, 5.1875], "texture": "#0"},
				"south": {"uv": [5.5, 8, 5.5625, 8.1875], "texture": "#0"},
				"west": {"uv": [8, 5.5, 8.0625, 5.6875], "texture": "#0"},
				"up": {"uv": [2.5625, 10.0625, 2.5, 10], "texture": "#0"},
				"down": {"uv": [10.0625, 2.5, 10, 2.5625], "texture": "#0"}
			}
		},
		{
			"from": [7.5, 4.8, 10.8],
			"to": [7.6, 5.2, 10.9],
			"rotation": {"angle": 0, "axis": "y", "origin": [7.5, 5, 10.85]},
			"faces": {
				"north": {"uv": [6, 8, 6.0625, 8.1875], "texture": "#0"},
				"east": {"uv": [8, 6, 8.0625, 6.1875], "texture": "#0"},
				"south": {"uv": [6.5, 8, 6.5625, 8.1875], "texture": "#0"},
				"west": {"uv": [8, 6.5, 8.0625, 6.6875], "texture": "#0"},
				"up": {"uv": [3.0625, 10.0625, 3, 10], "texture": "#0"},
				"down": {"uv": [10.0625, 3, 10, 3.0625], "texture": "#0"}
			}
		},
		{
			"from": [7.5, 4.8, 10.6],
			"to": [7.6, 5.2, 10.7],
			"rotation": {"angle": 0, "axis": "y", "origin": [7.5, 5, 10.65]},
			"faces": {
				"north": {"uv": [7, 8, 7.0625, 8.1875], "texture": "#0"},
				"east": {"uv": [8, 7, 8.0625, 7.1875], "texture": "#0"},
				"south": {"uv": [7.5, 8, 7.5625, 8.1875], "texture": "#0"},
				"west": {"uv": [8, 7.5, 8.0625, 7.6875], "texture": "#0"},
				"up": {"uv": [3.5625, 10.0625, 3.5, 10], "texture": "#0"},
				"down": {"uv": [10.0625, 3.5, 10, 3.5625], "texture": "#0"}
			}
		},
		{
			"from": [8.4, 4.8, 12.6],
			"to": [8.5, 5.2, 12.7],
			"rotation": {"angle": 0, "axis": "y", "origin": [8.4, 5, 12.65]},
			"faces": {
				"north": {"uv": [1, 9, 1.0625, 9.1875], "texture": "#0"},
				"east": {"uv": [9, 1, 9.0625, 1.1875], "texture": "#0"},
				"south": {"uv": [1.5, 9, 1.5625, 9.1875], "texture": "#0"},
				"west": {"uv": [9, 1.5, 9.0625, 1.6875], "texture": "#0"},
				"up": {"uv": [9.0625, 10.0625, 9, 10], "texture": "#0"},
				"down": {"uv": [10.0625, 9, 10, 9.0625], "texture": "#0"}
			}
		},
		{
			"from": [8.4, 4.8, 12.4],
			"to": [8.5, 5.2, 12.5],
			"rotation": {"angle": 0, "axis": "y", "origin": [8.4, 5, 12.45]},
			"faces": {
				"north": {"uv": [0, 9, 0.0625, 9.1875], "texture": "#0"},
				"east": {"uv": [9, 0, 9.0625, 0.1875], "texture": "#0"},
				"south": {"uv": [0.5, 9, 0.5625, 9.1875], "texture": "#0"},
				"west": {"uv": [9, 0.5, 9.0625, 0.6875], "texture": "#0"},
				"up": {"uv": [8.5625, 10.0625, 8.5, 10], "texture": "#0"},
				"down": {"uv": [10.0625, 8.5, 10, 8.5625], "texture": "#0"}
			}
		},
		{
			"from": [8.4, 4.8, 12.2],
			"to": [8.5, 5.2, 12.3],
			"rotation": {"angle": 0, "axis": "y", "origin": [8.4, 5, 12.25]},
			"faces": {
				"north": {"uv": [8.5, 7.5, 8.5625, 7.6875], "texture": "#0"},
				"east": {"uv": [8, 8.5, 8.0625, 8.6875], "texture": "#0"},
				"south": {"uv": [8.5, 8, 8.5625, 8.1875], "texture": "#0"},
				"west": {"uv": [8.5, 8.5, 8.5625, 8.6875], "texture": "#0"},
				"up": {"uv": [8.0625, 10.0625, 8, 10], "texture": "#0"},
				"down": {"uv": [10.0625, 8, 10, 8.0625], "texture": "#0"}
			}
		},
		{
			"from": [8.4, 4.8, 12],
			"to": [8.5, 5.2, 12.1],
			"rotation": {"angle": 0, "axis": "y", "origin": [8.4, 5, 12.05]},
			"faces": {
				"north": {"uv": [8.5, 6.5, 8.5625, 6.6875], "texture": "#0"},
				"east": {"uv": [7, 8.5, 7.0625, 8.6875], "texture": "#0"},
				"south": {"uv": [8.5, 7, 8.5625, 7.1875], "texture": "#0"},
				"west": {"uv": [7.5, 8.5, 7.5625, 8.6875], "texture": "#0"},
				"up": {"uv": [7.5625, 10.0625, 7.5, 10], "texture": "#0"},
				"down": {"uv": [10.0625, 7.5, 10, 7.5625], "texture": "#0"}
			}
		},
		{
			"from": [8.4, 4.8, 11.8],
			"to": [8.5, 5.2, 11.9],
			"rotation": {"angle": 0, "axis": "y", "origin": [8.4, 5, 11.85]},
			"faces": {
				"north": {"uv": [8.5, 5.5, 8.5625, 5.6875], "texture": "#0"},
				"east": {"uv": [6, 8.5, 6.0625, 8.6875], "texture": "#0"},
				"south": {"uv": [8.5, 6, 8.5625, 6.1875], "texture": "#0"},
				"west": {"uv": [6.5, 8.5, 6.5625, 8.6875], "texture": "#0"},
				"up": {"uv": [7.0625, 10.0625, 7, 10], "texture": "#0"},
				"down": {"uv": [10.0625, 7, 10, 7.0625], "texture": "#0"}
			}
		},
		{
			"from": [8.4, 4.8, 11.6],
			"to": [8.5, 5.2, 11.7],
			"rotation": {"angle": 0, "axis": "y", "origin": [8.4, 5, 11.65]},
			"faces": {
				"north": {"uv": [8.5, 4.5, 8.5625, 4.6875], "texture": "#0"},
				"east": {"uv": [5, 8.5, 5.0625, 8.6875], "texture": "#0"},
				"south": {"uv": [8.5, 5, 8.5625, 5.1875], "texture": "#0"},
				"west": {"uv": [5.5, 8.5, 5.5625, 8.6875], "texture": "#0"},
				"up": {"uv": [6.5625, 10.0625, 6.5, 10], "texture": "#0"},
				"down": {"uv": [10.0625, 6.5, 10, 6.5625], "texture": "#0"}
			}
		},
		{
			"from": [8.4, 4.8, 11.4],
			"to": [8.5, 5.2, 11.5],
			"rotation": {"angle": 0, "axis": "y", "origin": [8.4, 5, 11.45]},
			"faces": {
				"north": {"uv": [8.5, 3.5, 8.5625, 3.6875], "texture": "#0"},
				"east": {"uv": [4, 8.5, 4.0625, 8.6875], "texture": "#0"},
				"south": {"uv": [8.5, 4, 8.5625, 4.1875], "texture": "#0"},
				"west": {"uv": [4.5, 8.5, 4.5625, 8.6875], "texture": "#0"},
				"up": {"uv": [6.0625, 10.0625, 6, 10], "texture": "#0"},
				"down": {"uv": [10.0625, 6, 10, 6.0625], "texture": "#0"}
			}
		},
		{
			"from": [8.4, 4.8, 11.2],
			"to": [8.5, 5.2, 11.3],
			"rotation": {"angle": 0, "axis": "y", "origin": [8.4, 5, 11.25]},
			"faces": {
				"north": {"uv": [8.5, 2.5, 8.5625, 2.6875], "texture": "#0"},
				"east": {"uv": [3, 8.5, 3.0625, 8.6875], "texture": "#0"},
				"south": {"uv": [8.5, 3, 8.5625, 3.1875], "texture": "#0"},
				"west": {"uv": [3.5, 8.5, 3.5625, 8.6875], "texture": "#0"},
				"up": {"uv": [5.5625, 10.0625, 5.5, 10], "texture": "#0"},
				"down": {"uv": [10.0625, 5.5, 10, 5.5625], "texture": "#0"}
			}
		},
		{
			"from": [8.4, 4.8, 11],
			"to": [8.5, 5.2, 11.1],
			"rotation": {"angle": 0, "axis": "y", "origin": [8.4, 5, 11.05]},
			"faces": {
				"north": {"uv": [8.5, 1.5, 8.5625, 1.6875], "texture": "#0"},
				"east": {"uv": [2, 8.5, 2.0625, 8.6875], "texture": "#0"},
				"south": {"uv": [8.5, 2, 8.5625, 2.1875], "texture": "#0"},
				"west": {"uv": [2.5, 8.5, 2.5625, 8.6875], "texture": "#0"},
				"up": {"uv": [5.0625, 10.0625, 5, 10], "texture": "#0"},
				"down": {"uv": [10.0625, 5, 10, 5.0625], "texture": "#0"}
			}
		},
		{
			"from": [8.4, 4.8, 10.8],
			"to": [8.5, 5.2, 10.9],
			"rotation": {"angle": 0, "axis": "y", "origin": [8.4, 5, 10.85]},
			"faces": {
				"north": {"uv": [8.5, 0.5, 8.5625, 0.6875], "texture": "#0"},
				"east": {"uv": [1, 8.5, 1.0625, 8.6875], "texture": "#0"},
				"south": {"uv": [8.5, 1, 8.5625, 1.1875], "texture": "#0"},
				"west": {"uv": [1.5, 8.5, 1.5625, 8.6875], "texture": "#0"},
				"up": {"uv": [4.5625, 10.0625, 4.5, 10], "texture": "#0"},
				"down": {"uv": [10.0625, 4.5, 10, 4.5625], "texture": "#0"}
			}
		},
		{
			"from": [8.4, 4.8, 10.6],
			"to": [8.5, 5.2, 10.7],
			"rotation": {"angle": 0, "axis": "y", "origin": [8.4, 5, 10.65]},
			"faces": {
				"north": {"uv": [8, 8, 8.0625, 8.1875], "texture": "#0"},
				"east": {"uv": [0, 8.5, 0.0625, 8.6875], "texture": "#0"},
				"south": {"uv": [8.5, 0, 8.5625, 0.1875], "texture": "#0"},
				"west": {"uv": [0.5, 8.5, 0.5625, 8.6875], "texture": "#0"},
				"up": {"uv": [4.0625, 10.0625, 4, 10], "texture": "#0"},
				"down": {"uv": [10.0625, 4, 10, 4.0625], "texture": "#0"}
			}
		},
		{
			"from": [8.4, 4.8, 12.6],
			"to": [8.5, 5.2, 12.7],
			"rotation": {"angle": 0, "axis": "y", "origin": [8.4, 5, 12.65]},
			"faces": {
				"north": {"uv": [9.5, 2.5, 9.5625, 2.6875], "texture": "#0"},
				"east": {"uv": [3, 9.5, 3.0625, 9.6875], "texture": "#0"},
				"south": {"uv": [9.5, 3, 9.5625, 3.1875], "texture": "#0"},
				"west": {"uv": [3.5, 9.5, 3.5625, 9.6875], "texture": "#0"},
				"up": {"uv": [10.5625, 4.0625, 10.5, 4], "texture": "#0"},
				"down": {"uv": [4.5625, 10.5, 4.5, 10.5625], "texture": "#0"}
			}
		},
		{
			"from": [8.4, 4.8, 12.4],
			"to": [8.5, 5.2, 12.5],
			"rotation": {"angle": 0, "axis": "y", "origin": [8.4, 5, 12.45]},
			"faces": {
				"north": {"uv": [9.5, 1.5, 9.5625, 1.6875], "texture": "#0"},
				"east": {"uv": [2, 9.5, 2.0625, 9.6875], "texture": "#0"},
				"south": {"uv": [9.5, 2, 9.5625, 2.1875], "texture": "#0"},
				"west": {"uv": [2.5, 9.5, 2.5625, 9.6875], "texture": "#0"},
				"up": {"uv": [10.5625, 3.5625, 10.5, 3.5], "texture": "#0"},
				"down": {"uv": [4.0625, 10.5, 4, 10.5625], "texture": "#0"}
			}
		},
		{
			"from": [8.4, 4.8, 12.2],
			"to": [8.5, 5.2, 12.3],
			"rotation": {"angle": 0, "axis": "y", "origin": [8.4, 5, 12.25]},
			"faces": {
				"north": {"uv": [9.5, 0.5, 9.5625, 0.6875], "texture": "#0"},
				"east": {"uv": [1, 9.5, 1.0625, 9.6875], "texture": "#0"},
				"south": {"uv": [9.5, 1, 9.5625, 1.1875], "texture": "#0"},
				"west": {"uv": [1.5, 9.5, 1.5625, 9.6875], "texture": "#0"},
				"up": {"uv": [10.5625, 3.0625, 10.5, 3], "texture": "#0"},
				"down": {"uv": [3.5625, 10.5, 3.5, 10.5625], "texture": "#0"}
			}
		},
		{
			"from": [8.4, 4.8, 12],
			"to": [8.5, 5.2, 12.1],
			"rotation": {"angle": 0, "axis": "y", "origin": [8.4, 5, 12.05]},
			"faces": {
				"north": {"uv": [9, 9, 9.0625, 9.1875], "texture": "#0"},
				"east": {"uv": [0, 9.5, 0.0625, 9.6875], "texture": "#0"},
				"south": {"uv": [9.5, 0, 9.5625, 0.1875], "texture": "#0"},
				"west": {"uv": [0.5, 9.5, 0.5625, 9.6875], "texture": "#0"},
				"up": {"uv": [10.5625, 2.5625, 10.5, 2.5], "texture": "#0"},
				"down": {"uv": [3.0625, 10.5, 3, 10.5625], "texture": "#0"}
			}
		},
		{
			"from": [8.4, 4.8, 11.8],
			"to": [8.5, 5.2, 11.9],
			"rotation": {"angle": 0, "axis": "y", "origin": [8.4, 5, 11.85]},
			"faces": {
				"north": {"uv": [8, 9, 8.0625, 9.1875], "texture": "#0"},
				"east": {"uv": [9, 8, 9.0625, 8.1875], "texture": "#0"},
				"south": {"uv": [8.5, 9, 8.5625, 9.1875], "texture": "#0"},
				"west": {"uv": [9, 8.5, 9.0625, 8.6875], "texture": "#0"},
				"up": {"uv": [10.5625, 2.0625, 10.5, 2], "texture": "#0"},
				"down": {"uv": [2.5625, 10.5, 2.5, 10.5625], "texture": "#0"}
			}
		},
		{
			"from": [8.4, 4.8, 11.6],
			"to": [8.5, 5.2, 11.7],
			"rotation": {"angle": 0, "axis": "y", "origin": [8.4, 5, 11.65]},
			"faces": {
				"north": {"uv": [7, 9, 7.0625, 9.1875], "texture": "#0"},
				"east": {"uv": [9, 7, 9.0625, 7.1875], "texture": "#0"},
				"south": {"uv": [7.5, 9, 7.5625, 9.1875], "texture": "#0"},
				"west": {"uv": [9, 7.5, 9.0625, 7.6875], "texture": "#0"},
				"up": {"uv": [10.5625, 1.5625, 10.5, 1.5], "texture": "#0"},
				"down": {"uv": [2.0625, 10.5, 2, 10.5625], "texture": "#0"}
			}
		},
		{
			"from": [8.4, 4.8, 11.4],
			"to": [8.5, 5.2, 11.5],
			"rotation": {"angle": 0, "axis": "y", "origin": [8.4, 5, 11.45]},
			"faces": {
				"north": {"uv": [6, 9, 6.0625, 9.1875], "texture": "#0"},
				"east": {"uv": [9, 6, 9.0625, 6.1875], "texture": "#0"},
				"south": {"uv": [6.5, 9, 6.5625, 9.1875], "texture": "#0"},
				"west": {"uv": [9, 6.5, 9.0625, 6.6875], "texture": "#0"},
				"up": {"uv": [10.5625, 1.0625, 10.5, 1], "texture": "#0"},
				"down": {"uv": [1.5625, 10.5, 1.5, 10.5625], "texture": "#0"}
			}
		},
		{
			"from": [8.4, 4.8, 11.2],
			"to": [8.5, 5.2, 11.3],
			"rotation": {"angle": 0, "axis": "y", "origin": [8.4, 5, 11.25]},
			"faces": {
				"north": {"uv": [5, 9, 5.0625, 9.1875], "texture": "#0"},
				"east": {"uv": [9, 5, 9.0625, 5.1875], "texture": "#0"},
				"south": {"uv": [5.5, 9, 5.5625, 9.1875], "texture": "#0"},
				"west": {"uv": [9, 5.5, 9.0625, 5.6875], "texture": "#0"},
				"up": {"uv": [10.5625, 0.5625, 10.5, 0.5], "texture": "#0"},
				"down": {"uv": [1.0625, 10.5, 1, 10.5625], "texture": "#0"}
			}
		},
		{
			"from": [8.4, 4.8, 11],
			"to": [8.5, 5.2, 11.1],
			"rotation": {"angle": 0, "axis": "y", "origin": [8.4, 5, 11.05]},
			"faces": {
				"north": {"uv": [4, 9, 4.0625, 9.1875], "texture": "#0"},
				"east": {"uv": [9, 4, 9.0625, 4.1875], "texture": "#0"},
				"south": {"uv": [4.5, 9, 4.5625, 9.1875], "texture": "#0"},
				"west": {"uv": [9, 4.5, 9.0625, 4.6875], "texture": "#0"},
				"up": {"uv": [10.5625, 0.0625, 10.5, 0], "texture": "#0"},
				"down": {"uv": [0.5625, 10.5, 0.5, 10.5625], "texture": "#0"}
			}
		},
		{
			"from": [8.4, 4.8, 10.8],
			"to": [8.5, 5.2, 10.9],
			"rotation": {"angle": 0, "axis": "y", "origin": [8.4, 5, 10.85]},
			"faces": {
				"north": {"uv": [3, 9, 3.0625, 9.1875], "texture": "#0"},
				"east": {"uv": [9, 3, 9.0625, 3.1875], "texture": "#0"},
				"south": {"uv": [3.5, 9, 3.5625, 9.1875], "texture": "#0"},
				"west": {"uv": [9, 3.5, 9.0625, 3.6875], "texture": "#0"},
				"up": {"uv": [10.0625, 10.0625, 10, 10], "texture": "#0"},
				"down": {"uv": [0.0625, 10.5, 0, 10.5625], "texture": "#0"}
			}
		},
		{
			"from": [8.4, 4.8, 10.6],
			"to": [8.5, 5.2, 10.7],
			"rotation": {"angle": 0, "axis": "y", "origin": [8.4, 5, 10.65]},
			"faces": {
				"north": {"uv": [2, 9, 2.0625, 9.1875], "texture": "#0"},
				"east": {"uv": [9, 2, 9.0625, 2.1875], "texture": "#0"},
				"south": {"uv": [2.5, 9, 2.5625, 9.1875], "texture": "#0"},
				"west": {"uv": [9, 2.5, 9.0625, 2.6875], "texture": "#0"},
				"up": {"uv": [9.5625, 10.0625, 9.5, 10], "texture": "#0"},
				"down": {"uv": [10.0625, 9.5, 10, 9.5625], "texture": "#0"}
			}
		},
		{
			"from": [7.4, 4.1, 8.7],
			"to": [7.6, 4.5, 9.8],
			"rotation": {"angle": 0, "axis": "y", "origin": [7.2, 3.3, 8]},
			"faces": {
				"north": {"uv": [6, 7, 6.125, 7.1875], "texture": "#0"},
				"east": {"uv": [5.5, 0, 6.0625, 0.1875], "texture": "#0"},
				"south": {"uv": [7, 6, 7.125, 6.1875], "texture": "#0"},
				"west": {"uv": [5.5, 0.5, 6.0625, 0.6875], "texture": "#0"},
				"up": {"uv": [3.125, 6.5625, 3, 6], "texture": "#0"},
				"down": {"uv": [6.125, 3, 6, 3.5625], "texture": "#0"}
			}
		},
		{
			"from": [7.4, 4, 10.8],
			"to": [7.6, 4.15, 11.6],
			"rotation": {"angle": 0, "axis": "y", "origin": [7.2, 3.4, 11.7]},
			"faces": {
				"north": {"uv": [9.5, 7, 9.625, 7.0625], "texture": "#0"},
				"east": {"uv": [5.5, 7, 5.875, 7.0625], "texture": "#0"},
				"south": {"uv": [7.5, 9.5, 7.625, 9.5625], "texture": "#0"},
				"west": {"uv": [7, 5.5, 7.375, 5.5625], "texture": "#0"},
				"up": {"uv": [6.625, 0.875, 6.5, 0.5], "texture": "#0"},
				"down": {"uv": [6.625, 1, 6.5, 1.375], "texture": "#0"}
			}
		},
		{
			"from": [7.8, 2.9, 8.8],
			"to": [8.2, 3.7, 8.9],
			"rotation": {"angle": 0, "axis": "y", "origin": [8, 2.5, 11.2]},
			"faces": {
				"north": {"uv": [4, 5.5, 4.1875, 5.875], "texture": "#0"},
				"east": {"uv": [0, 7, 0.0625, 7.375], "texture": "#0"},
				"south": {"uv": [4.5, 5.5, 4.6875, 5.875], "texture": "#0"},
				"west": {"uv": [7, 0, 7.0625, 0.375], "texture": "#0"},
				"up": {"uv": [7.6875, 2.0625, 7.5, 2], "texture": "#0"},
				"down": {"uv": [2.6875, 7.5, 2.5, 7.5625], "texture": "#0"}
			}
		},
		{
			"from": [7.8, 2.9, 10.3],
			"to": [8.2, 3.7, 10.4],
			"rotation": {"angle": 0, "axis": "y", "origin": [8, 2.5, 12.7]},
			"faces": {
				"north": {"uv": [5, 5.5, 5.1875, 5.875], "texture": "#0"},
				"east": {"uv": [0.5, 7, 0.5625, 7.375], "texture": "#0"},
				"south": {"uv": [5.5, 5, 5.6875, 5.375], "texture": "#0"},
				"west": {"uv": [7, 0.5, 7.0625, 0.875], "texture": "#0"},
				"up": {"uv": [7.6875, 3.0625, 7.5, 3], "texture": "#0"},
				"down": {"uv": [3.6875, 7.5, 3.5, 7.5625], "texture": "#0"}
			}
		},
		{
			"from": [7.8, 1.7, 8.6],
			"to": [8.2, 2.5, 8.7],
			"rotation": {"angle": 45, "axis": "x", "origin": [8, 1.3, 11]},
			"faces": {
				"north": {"uv": [5.5, 5.5, 5.6875, 5.875], "texture": "#0"},
				"east": {"uv": [7, 1, 7.0625, 1.375], "texture": "#0"},
				"south": {"uv": [0, 6, 0.1875, 6.375], "texture": "#0"},
				"west": {"uv": [7, 1.5, 7.0625, 1.875], "texture": "#0"},
				"up": {"uv": [7.6875, 3.5625, 7.5, 3.5], "texture": "#0"},
				"down": {"uv": [4.1875, 7.5, 4, 7.5625], "texture": "#0"}
			}
		},
		{
			"from": [7.8, 2.9, 8.9],
			"to": [8.2, 3, 10.3],
			"rotation": {"angle": 0, "axis": "y", "origin": [8, 0.6, 9.1]},
			"faces": {
				"north": {"uv": [7.5, 2.5, 7.6875, 2.5625], "texture": "#0"},
				"east": {"uv": [6.5, 2.5, 7.1875, 2.5625], "texture": "#0"},
				"south": {"uv": [3, 7.5, 3.1875, 7.5625], "texture": "#0"},
				"west": {"uv": [6.5, 3, 7.1875, 3.0625], "texture": "#0"},
				"up": {"uv": [5.1875, 1.6875, 5, 1], "texture": "#0"},
				"down": {"uv": [3.1875, 5, 3, 5.6875], "texture": "#0"}
			}
		}
	],
	"display": {
		"thirdperson_righthand": {
			"translation": [0, 5.5, 0]
		},
		"thirdperson_lefthand": {
			"translation": [0, 5.5, 0]
		},
		"firstperson_righthand": {
			"translation": [0, 5.5, 0]
		},
		"firstperson_lefthand": {
			"translation": [0, 5.5, 0]
		},
		"gui": {
			"rotation": [0, 90, 0],
			"translation": [-2.25, 9.5, 0],
			"scale": [2, 2, 2]
		},
		"fixed": {
			"rotation": [0, -90, 0],
			"translation": [2.25, 9.5, 0],
			"scale": [2, 2, 2]
		}
	}
}