{
	"credit": "Made with Blockbench",
	"texture_size": [32, 32],
	"textures": {
		"1": "gun:item/gun/machine_gun",
		"particle": "gun:item/gun/machine_gun"
	},
	"elements": [
		{
			"from": [-1.6185, 0, -1.7264],
			"to": [0.3237, 5.395, 1.7264],
			"faces": {
				"north": {"uv": [1, 7, 2, 9.75], "texture": "#1"},
				"east": {"uv": [0, 4, 1.75, 6.75], "texture": "#1"},
				"south": {"uv": [2, 7, 3, 9.75], "texture": "#1"},
				"west": {"uv": [4, 0, 5.75, 2.75], "texture": "#1"},
				"up": {"uv": [8.5, 9.75, 7.5, 8], "texture": "#1"},
				"down": {"uv": [9.5, 2, 8.5, 3.75], "texture": "#1"}
			}
		},
		{
			"from": [-1.6185, 5.395, -6.474],
			"to": [0.3237, 8.8478, 1.7264],
			"rotation": {"angle": 0, "axis": "y", "origin": [0, 7.1214, -3.6686]},
			"faces": {
				"north": {"uv": [8.5, 4, 9.5, 5.75], "texture": "#1"},
				"east": {"uv": [0, 0, 4, 1.75], "texture": "#1"},
				"south": {"uv": [5.5, 8.5, 6.5, 10.25], "texture": "#1"},
				"west": {"uv": [0, 2, 4, 3.75], "texture": "#1"},
				"up": {"uv": [7.5, 10, 6.5, 6], "texture": "#1"},
				"down": {"uv": [1, 7, 0, 11], "texture": "#1"}
			}
		},
		{
			"from": [-1.6185, 5.395, -8.632],
			"to": [0.3237, 6.9056, -6.474],
			"rotation": {"angle": 0, "axis": "y", "origin": [0, 7.1214, -3.6686]},
			"faces": {
				"north": {"uv": [10.5, 2.5, 11.5, 3.25], "texture": "#1"},
				"east": {"uv": [10.5, 3.5, 11.5, 4.25], "texture": "#1"},
				"south": {"uv": [10.5, 4.5, 11.5, 5.25], "texture": "#1"},
				"west": {"uv": [5.5, 10.5, 6.5, 11.25], "texture": "#1"},
				"up": {"uv": [2, 11, 1, 10], "texture": "#1"},
				"down": {"uv": [11, 1, 10, 2], "texture": "#1"}
			}
		},
		{
			"from": [-1.6185, 6.9056, -7.553],
			"to": [0.3237, 7.9846, -6.474],
			"rotation": {"angle": 0, "axis": "y", "origin": [0, 7.7688, -3.6686]},
			"faces": {
				"north": {"uv": [9.5, 8.5, 10.5, 9], "texture": "#1"},
				"east": {"uv": [9.5, 11.5, 10, 12], "texture": "#1"},
				"south": {"uv": [10.5, 8.5, 11.5, 9], "texture": "#1"},
				"west": {"uv": [11.5, 9.5, 12, 10], "texture": "#1"},
				"up": {"uv": [2, 11.5, 1, 11], "texture": "#1"},
				"down": {"uv": [12, 1, 11, 1.5], "texture": "#1"}
			}
		},
		{
			"from": [-1.2948, 7.9846, -7.3372],
			"to": [0, 8.632, -6.474],
			"rotation": {"angle": 0, "axis": "y", "origin": [0, 8.8478, -3.6686]},
			"faces": {
				"north": {"uv": [10.5, 11.5, 11.25, 11.75], "texture": "#1"},
				"east": {"uv": [4.5, 12, 5, 12.25], "texture": "#1"},
				"south": {"uv": [11.5, 11, 12.25, 11.25], "texture": "#1"},
				"west": {"uv": [9.5, 12, 10, 12.25], "texture": "#1"},
				"up": {"uv": [12.25, 3, 11.5, 2.5], "texture": "#1"},
				"down": {"uv": [12.25, 3, 11.5, 3.5], "texture": "#1"}
			}
		},
		{
			"from": [-0.87399, 8.15724, -8.8478],
			"to": [-0.42081, 8.45936, -7.3372],
			"rotation": {"angle": 0, "axis": "y", "origin": [-0.6474, 8.3083, -8.0925]},
			"faces": {
				"north": {"uv": [12.5, 5.5, 12.75, 5.75], "texture": "#1"},
				"east": {"uv": [11.5, 11.5, 12.25, 11.75], "texture": "#1"},
				"south": {"uv": [6, 12.5, 6.25, 12.75], "texture": "#1"},
				"west": {"uv": [0, 12, 0.75, 12.25], "texture": "#1"},
				"up": {"uv": [12.25, 0.75, 12, 0], "texture": "#1"},
				"down": {"uv": [1.25, 12, 1, 12.75], "texture": "#1"}
			}
		},
		{
			"from": [-1.6185, 6.9056, 1.7264],
			"to": [0.3237, 8.8478, 9.9268],
			"rotation": {"angle": 0, "axis": "y", "origin": [0, 7.1214, 4.5318]},
			"faces": {
				"north": {"uv": [9.5, 9.5, 10.5, 10.5], "texture": "#1"},
				"east": {"uv": [6, 0, 10, 1], "texture": "#1"},
				"south": {"uv": [10, 0, 11, 1], "texture": "#1"},
				"west": {"uv": [6, 1, 10, 2], "texture": "#1"},
				"up": {"uv": [5.5, 10, 4.5, 6], "texture": "#1"},
				"down": {"uv": [7.5, 2, 6.5, 6], "texture": "#1"}
			}
		},
		{
			"from": [-1.6185, 3.4528, 7.1214],
			"to": [0.3237, 8.8478, 9.9268],
			"rotation": {"angle": 0, "axis": "y", "origin": [0, 7.1214, 4.5318]},
			"faces": {
				"north": {"uv": [7.5, 2, 8.5, 4.75], "texture": "#1"},
				"east": {"uv": [2, 4, 3.5, 6.75], "texture": "#1"},
				"south": {"uv": [7.5, 5, 8.5, 7.75], "texture": "#1"},
				"west": {"uv": [4, 3, 5.5, 5.75], "texture": "#1"},
				"up": {"uv": [9.5, 7.5, 8.5, 6], "texture": "#1"},
				"down": {"uv": [9.5, 7.5, 8.5, 9], "texture": "#1"}
			}
		},
		{
			"from": [-0.3237, 7.16456, 7.1214],
			"to": [0.06474, 7.89828, 9.9268],
			"rotation": {"angle": 0, "axis": "y", "origin": [0, 7.1214, 4.5318]},
			"faces": {
				"north": {"uv": [12.5, 6, 12.75, 6.25], "texture": "#1"},
				"east": {"uv": [3.5, 11.5, 5, 11.75], "texture": "#1"},
				"south": {"uv": [6.5, 12.5, 6.75, 12.75], "texture": "#1"},
				"west": {"uv": [11.5, 3.5, 13, 3.75], "texture": "#1"},
				"up": {"uv": [11.75, 5.5, 11.5, 4], "texture": "#1"},
				"down": {"uv": [5.25, 11.5, 5, 13], "texture": "#1"}
			}
		},
		{
			"from": [-1.01965, 8.86722, 8.58021],
			"to": [-0.57295, 9.46067, 9.00965],
			"rotation": {"angle": 0, "axis": "y", "origin": [-0.6474, 9.711, 7.9846]},
			"faces": {
				"north": {"uv": [12.5, 6.5, 12.75, 6.75], "texture": "#1"},
				"east": {"uv": [7, 12.5, 7.25, 12.75], "texture": "#1"},
				"south": {"uv": [12.5, 7, 12.75, 7.25], "texture": "#1"},
				"west": {"uv": [7.5, 12.5, 7.75, 12.75], "texture": "#1"},
				"up": {"uv": [12.75, 7.75, 12.5, 7.5], "texture": "#1"},
				"down": {"uv": [8.25, 12.5, 8, 12.75], "texture": "#1"}
			}
		},
		{
			"from": [-1.2948, 8.8478, -3.8844],
			"to": [0, 9.1715, 7.1214],
			"rotation": {"angle": 0, "axis": "y", "origin": [0, 10.5742, -3.6686]},
			"faces": {
				"north": {"uv": [12, 1, 12.75, 1.25], "texture": "#1"},
				"east": {"uv": [8.5, 9, 14, 9.25], "texture": "#1"},
				"south": {"uv": [1.5, 12, 2.25, 12.25], "texture": "#1"},
				"west": {"uv": [9.5, 2, 15, 2.25], "texture": "#1"},
				"up": {"uv": [6.25, 8.5, 5.5, 3], "texture": "#1"},
				"down": {"uv": [4.25, 6, 3.5, 11.5], "texture": "#1"}
			}
		},
		{
			"from": [-1.2948, 1.2948, 7.1214],
			"to": [0, 3.237, 8.2004],
			"rotation": {"angle": -45, "axis": "x", "origin": [0, 3.4528, 1.9422]},
			"faces": {
				"north": {"uv": [10.5, 5.5, 11.25, 6.5], "texture": "#1"},
				"east": {"uv": [6, 2, 6.5, 3], "texture": "#1"},
				"south": {"uv": [10.5, 6.5, 11.25, 7.5], "texture": "#1"},
				"west": {"uv": [3, 9, 3.5, 10], "texture": "#1"},
				"up": {"uv": [6.25, 12, 5.5, 11.5], "texture": "#1"},
				"down": {"uv": [12.25, 5.5, 11.5, 6], "texture": "#1"}
			}
		},
		{
			"from": [-1.2948, 6.9056, 8.632],
			"to": [0, 9.2794, 9.0636],
			"rotation": {"angle": 45, "axis": "x", "origin": [0, 9.0636, 3.6686]},
			"faces": {
				"north": {"uv": [2, 10, 2.75, 11.25], "texture": "#1"},
				"east": {"uv": [8.5, 11.5, 8.75, 12.75], "texture": "#1"},
				"south": {"uv": [4.5, 10, 5.25, 11.25], "texture": "#1"},
				"west": {"uv": [9, 11.5, 9.25, 12.75], "texture": "#1"},
				"up": {"uv": [3.25, 12.25, 2.5, 12], "texture": "#1"},
				"down": {"uv": [4.25, 12, 3.5, 12.25], "texture": "#1"}
			}
		},
		{
			"from": [-1.2948, 6.9056, -0.4316],
			"to": [0, 8.8478, -0.2158],
			"rotation": {"angle": -45, "axis": "x", "origin": [0, 9.0636, 4.9634]},
			"faces": {
				"north": {"uv": [10.5, 7.5, 11.25, 8.5], "texture": "#1"},
				"east": {"uv": [10, 11.5, 10.25, 12.5], "texture": "#1"},
				"south": {"uv": [9.5, 10.5, 10.25, 11.5], "texture": "#1"},
				"west": {"uv": [11.5, 10, 11.75, 11], "texture": "#1"},
				"up": {"uv": [12.75, 4.25, 12, 4], "texture": "#1"},
				"down": {"uv": [12.75, 4.5, 12, 4.75], "texture": "#1"}
			}
		},
		{
			"from": [-1.2948, 1.9422, -1.2948],
			"to": [0, 3.8844, -0.2158],
			"rotation": {"angle": 45, "axis": "x", "origin": [0, 1.7264, 4.9634]},
			"faces": {
				"north": {"uv": [10.5, 9.5, 11.25, 10.5], "texture": "#1"},
				"east": {"uv": [3, 10, 3.5, 11], "texture": "#1"},
				"south": {"uv": [10.5, 10.5, 11.25, 11.5], "texture": "#1"},
				"west": {"uv": [3, 11, 3.5, 12], "texture": "#1"},
				"up": {"uv": [12.25, 6.5, 11.5, 6], "texture": "#1"},
				"down": {"uv": [7.25, 11.5, 6.5, 12], "texture": "#1"}
			}
		},
		{
			"from": [-1.2948, 3.6686, 2.5896],
			"to": [0, 3.8844, 6.0424],
			"rotation": {"angle": 0, "axis": "y", "origin": [0, 9.0636, 2.3738]},
			"faces": {
				"north": {"uv": [12, 5, 12.75, 5.25], "texture": "#1"},
				"east": {"uv": [11, 1.5, 12.75, 1.75], "texture": "#1"},
				"south": {"uv": [5.5, 12, 6.25, 12.25], "texture": "#1"},
				"west": {"uv": [1, 11.5, 2.75, 11.75], "texture": "#1"},
				"up": {"uv": [10.25, 4.25, 9.5, 2.5], "texture": "#1"},
				"down": {"uv": [10.25, 4.5, 9.5, 6.25], "texture": "#1"}
			}
		},
		{
			"from": [-1.2948, 5.6108, 3.0212],
			"to": [0, 9.0636, 3.8844],
			"rotation": {"angle": -22.5, "axis": "x", "origin": [0, 9.2794, 8.4162]},
			"faces": {
				"north": {"uv": [9.5, 6.5, 10.25, 8.25], "texture": "#1"},
				"east": {"uv": [3.5, 4, 4, 5.75], "texture": "#1"},
				"south": {"uv": [8.5, 9.5, 9.25, 11.25], "texture": "#1"},
				"west": {"uv": [3, 7, 3.5, 8.75], "texture": "#1"},
				"up": {"uv": [12.25, 7, 11.5, 6.5], "texture": "#1"},
				"down": {"uv": [12.25, 7, 11.5, 7.5], "texture": "#1"}
			}
		},
		{
			"from": [-1.2948, 3.8844, 4.9634],
			"to": [0, 4.316, 6.0424],
			"rotation": {"angle": 0, "axis": "y", "origin": [0, 9.2794, 2.3738]},
			"faces": {
				"north": {"uv": [6.5, 12, 7.25, 12.25], "texture": "#1"},
				"east": {"uv": [12.5, 2.5, 13, 2.75], "texture": "#1"},
				"south": {"uv": [7.5, 12, 8.25, 12.25], "texture": "#1"},
				"west": {"uv": [12.5, 3, 13, 3.25], "texture": "#1"},
				"up": {"uv": [8.25, 12, 7.5, 11.5], "texture": "#1"},
				"down": {"uv": [12.25, 7.5, 11.5, 8], "texture": "#1"}
			}
		},
		{
			"from": [-1.2948, 5.6108, 1.7264],
			"to": [0, 5.8266, 4.1002],
			"rotation": {"angle": 0, "axis": "y", "origin": [0, 11.0058, 1.5106]},
			"faces": {
				"north": {"uv": [12, 9.5, 12.75, 9.75], "texture": "#1"},
				"east": {"uv": [11.5, 8, 12.75, 8.25], "texture": "#1"},
				"south": {"uv": [12, 10, 12.75, 10.25], "texture": "#1"},
				"west": {"uv": [11.5, 8.5, 12.75, 8.75], "texture": "#1"},
				"up": {"uv": [7.25, 11.25, 6.5, 10], "texture": "#1"},
				"down": {"uv": [8.25, 10, 7.5, 11.25], "texture": "#1"}
			}
		},
		{
			"from": [-0.72832, 6.0424, 3.237],
			"to": [-0.24277, 6.61211, 4.1002],
			"rotation": {"angle": 0, "axis": "y", "origin": [0, 14.8902, 1.5106]},
			"faces": {
				"north": {"uv": [9.5, 12.5, 9.75, 12.75], "texture": "#1"},
				"east": {"uv": [3.5, 12.5, 4, 12.75], "texture": "#1"},
				"south": {"uv": [10, 12.5, 10.25, 12.75], "texture": "#1"},
				"west": {"uv": [4, 12.5, 4.5, 12.75], "texture": "#1"},
				"up": {"uv": [4.75, 13, 4.5, 12.5], "texture": "#1"},
				"down": {"uv": [5.75, 12.5, 5.5, 13], "texture": "#1"}
			}
		},
		{
			"from": [-1.2948, 3.8844, 2.5896],
			"to": [0, 4.316, 4.1002],
			"rotation": {"angle": 0, "axis": "y", "origin": [0, 9.4952, 2.5896]},
			"faces": {
				"north": {"uv": [10.5, 12, 11.25, 12.25], "texture": "#1"},
				"east": {"uv": [12, 10.5, 12.75, 10.75], "texture": "#1"},
				"south": {"uv": [11.5, 12, 12.25, 12.25], "texture": "#1"},
				"west": {"uv": [0, 12.5, 0.75, 12.75], "texture": "#1"},
				"up": {"uv": [0.75, 11.75, 0, 11], "texture": "#1"},
				"down": {"uv": [11.75, 0, 11, 0.75], "texture": "#1"}
			}
		},
		{
			"from": [-1.2948, 4.1002, 2.3738],
			"to": [0, 4.316, 2.5896],
			"rotation": {"angle": 0, "axis": "y", "origin": [0, 9.4952, 2.3738]},
			"faces": {
				"north": {"uv": [12.5, 0, 13.25, 0.25], "texture": "#1"},
				"east": {"uv": [10.5, 12.5, 10.75, 12.75], "texture": "#1"},
				"south": {"uv": [12.5, 0.5, 13.25, 0.75], "texture": "#1"},
				"west": {"uv": [11, 12.5, 11.25, 12.75], "texture": "#1"},
				"up": {"uv": [2.25, 12.75, 1.5, 12.5], "texture": "#1"},
				"down": {"uv": [3.25, 12.5, 2.5, 12.75], "texture": "#1"}
			}
		}
	],
	"display": {
		"thirdperson_righthand": {
			"translation": [9.25, 4.5, 7.25]
		},
		"thirdperson_lefthand": {
			"translation": [-8.25, 4.5, 7.25]
		},
		"firstperson_righthand": {
			"translation": [13, 0, 0]
		},
		"gui": {
			"rotation": [0, -90, 0],
			"translation": [-5.75, 0, 6.25],
			"scale": [0.8, 0.8, 0.8]
		},
		"fixed": {
			"rotation": [0, -90, 0],
			"translation": [-5.75, 0, 6.25],
			"scale": [0.8, 0.8, 0.8]
		}
	}
}