{
	"credit": "Made with Blockbench",
	"textures": {
		"0": "gun:item/gun/shotgun",
		"particle": "gun:item/gun/shotgun"
	},
	"elements": [
		{
			"from": [7.9648, 0, 4.1632],
			"to": [8.3168, 0.3872, 11.872],
			"rotation": {"angle": 0, "axis": "y", "origin": [8, 0, 8]},
			"faces": {
				"north": {"uv": [13, 2, 13.25, 2.5], "texture": "#0"},
				"east": {"uv": [0, 0, 7.75, 0.5], "texture": "#0"},
				"south": {"uv": [3, 13, 3.25, 13.5], "texture": "#0"},
				"west": {"uv": [0, 1, 7.75, 1.5], "texture": "#0"},
				"up": {"uv": [6.25, 14.75, 6, 7], "texture": "#0"},
				"down": {"uv": [7.25, 7, 7, 14.75], "texture": "#0"}
			}
		},
		{
			"from": [7.9648, 0.704, 4.1632],
			"to": [8.3168, 1.0912, 11.872],
			"rotation": {"angle": 0, "axis": "y", "origin": [8, 0.704, 8]},
			"faces": {
				"north": {"uv": [13, 3, 13.25, 3.5], "texture": "#0"},
				"east": {"uv": [0, 2, 7.75, 2.5], "texture": "#0"},
				"south": {"uv": [4, 13, 4.25, 13.5], "texture": "#0"},
				"west": {"uv": [0, 3, 7.75, 3.5], "texture": "#0"},
				"up": {"uv": [0.25, 15.75, 0, 8], "texture": "#0"},
				"down": {"uv": [8.25, 0, 8, 7.75], "texture": "#0"}
			}
		},
		{
			"from": [7.7712, 0, 6.9792],
			"to": [8.4752, 0.7744, 9.056],
			"rotation": {"angle": 0, "axis": "y", "origin": [7.8592, 0, 8]},
			"faces": {
				"north": {"uv": [4, 11, 4.75, 11.75], "texture": "#0"},
				"east": {"uv": [9, 0, 11, 0.75], "texture": "#0"},
				"south": {"uv": [5, 11, 5.75, 11.75], "texture": "#0"},
				"west": {"uv": [9, 1, 11, 1.75], "texture": "#0"},
				"up": {"uv": [9.75, 4, 9, 2], "texture": "#0"},
				"down": {"uv": [4.75, 9, 4, 11], "texture": "#0"}
			}
		},
		{
			"from": [7.7712, 0, 11.8016],
			"to": [8.4752, 1.0912, 13.8784],
			"rotation": {"angle": 0, "axis": "y", "origin": [8, 0, 12.8224]},
			"faces": {
				"north": {"uv": [10, 4, 10.75, 5], "texture": "#0"},
				"east": {"uv": [6, 5, 8, 6], "texture": "#0"},
				"south": {"uv": [10, 5, 10.75, 6], "texture": "#0"},
				"west": {"uv": [6, 6, 8, 7], "texture": "#0"},
				"up": {"uv": [3.75, 10, 3, 8], "texture": "#0"},
				"down": {"uv": [8.75, 8, 8, 10], "texture": "#0"}
			}
		},
		{
			"from": [7.7712, 0, 14.8288],
			"to": [8.4752, 1.0912, 18.032],
			"rotation": {"angle": 0, "axis": "y", "origin": [8, 0, 15.8496]},
			"faces": {
				"north": {"uv": [10, 9, 10.75, 10], "texture": "#0"},
				"east": {"uv": [0, 4, 3.25, 5], "texture": "#0"},
				"south": {"uv": [10, 10, 10.75, 11], "texture": "#0"},
				"west": {"uv": [4, 4, 7.25, 5], "texture": "#0"},
				"up": {"uv": [4.75, 8.25, 4, 5], "texture": "#0"},
				"down": {"uv": [5.75, 5, 5, 8.25], "texture": "#0"}
			}
		},
		{
			"from": [7.7712, -1.3376, 16.1664],
			"to": [8.4752, 0.2816, 18.032],
			"rotation": {"angle": 0, "axis": "y", "origin": [8, -0.8096, 15.8496]},
			"faces": {
				"north": {"uv": [10, 2, 10.75, 3.5], "texture": "#0"},
				"east": {"uv": [0, 5, 1.75, 6.5], "texture": "#0"},
				"south": {"uv": [3, 10, 3.75, 11.5], "texture": "#0"},
				"west": {"uv": [2, 5, 3.75, 6.5], "texture": "#0"},
				"up": {"uv": [9.75, 7.75, 9, 6], "texture": "#0"},
				"down": {"uv": [9.75, 8, 9, 9.75], "texture": "#0"}
			}
		},
		{
			"from": [7.736, -1.3728, 18.032],
			"to": [8.5456, 1.1616, 18.2432],
			"rotation": {"angle": 0, "axis": "y", "origin": [8, -0.8096, 16.0608]},
			"faces": {
				"north": {"uv": [1, 8, 1.75, 10.5], "texture": "#0"},
				"east": {"uv": [2, 11, 2.25, 13.5], "texture": "#0"},
				"south": {"uv": [2, 8, 2.75, 10.5], "texture": "#0"},
				"west": {"uv": [11, 3, 11.25, 5.5], "texture": "#0"},
				"up": {"uv": [1.75, 13.25, 1, 13], "texture": "#0"},
				"down": {"uv": [13.75, 1, 13, 1.25], "texture": "#0"}
			}
		},
		{
			"from": [7.7712, 0.6688, 13.984],
			"to": [8.4752, 0.9152, 14.864],
			"rotation": {"angle": 0, "axis": "y", "origin": [8, -0.176, 14.4064]},
			"faces": {
				"north": {"uv": [12, 12, 12.75, 12.25], "texture": "#0"},
				"east": {"uv": [12, 8, 13, 8.25], "texture": "#0"},
				"south": {"uv": [13, 0, 13.75, 0.25], "texture": "#0"},
				"west": {"uv": [12, 9, 13, 9.25], "texture": "#0"},
				"up": {"uv": [11.75, 1, 11, 0], "texture": "#0"},
				"down": {"uv": [1.75, 11, 1, 12], "texture": "#0"}
			}
		},
		{
			"from": [7.7712, -0.3168, 13.3504],
			"to": [8.4752, 0.7744, 15.4272],
			"rotation": {"angle": 22.5, "axis": "x", "origin": [8, -0.3168, 14.3712]},
			"faces": {
				"north": {"uv": [10, 8, 10.75, 9], "texture": "#0"},
				"east": {"uv": [0, 7, 2, 8], "texture": "#0"},
				"south": {"uv": [9, 10, 9.75, 11], "texture": "#0"},
				"west": {"uv": [2, 7, 4, 8], "texture": "#0"},
				"up": {"uv": [9.75, 6, 9, 4], "texture": "#0"},
				"down": {"uv": [5.75, 9, 5, 11], "texture": "#0"}
			}
		},
		{
			"from": [8, 1.0912, 4.2336],
			"to": [8.2464, 1.1616, 4.9376],
			"rotation": {"angle": 0, "axis": "y", "origin": [8, 1.0912, 4.2688]},
			"faces": {
				"north": {"uv": [14, 2, 14.25, 2.25], "texture": "#0"},
				"east": {"uv": [10, 12, 10.75, 12.25], "texture": "#0"},
				"south": {"uv": [3, 14, 3.25, 14.25], "texture": "#0"},
				"west": {"uv": [12, 10, 12.75, 10.25], "texture": "#0"},
				"up": {"uv": [11.25, 12.75, 11, 12], "texture": "#0"},
				"down": {"uv": [12.25, 11, 12, 11.75], "texture": "#0"}
			}
		},
		{
			"from": [7.8944, 1.0912, 12.0832],
			"to": [8.352, 1.1968, 13.5616],
			"rotation": {"angle": 0, "axis": "y", "origin": [8, 1.0912, 13.1744]},
			"faces": {
				"north": {"uv": [13, 5, 13.5, 5.25], "texture": "#0"},
				"east": {"uv": [11, 6, 12.5, 6.25], "texture": "#0"},
				"south": {"uv": [13, 6, 13.5, 6.25], "texture": "#0"},
				"west": {"uv": [11, 7, 12.5, 7.25], "texture": "#0"},
				"up": {"uv": [10.5, 7.5, 10, 6], "texture": "#0"},
				"down": {"uv": [8.5, 10, 8, 11.5], "texture": "#0"}
			}
		},
		{
			"from": [8.0704, 0.352, 4.2336],
			"to": [8.2112, 0.7392, 5.6064],
			"rotation": {"angle": 0, "axis": "y", "origin": [8, 0.4576, 4.2688]},
			"faces": {
				"north": {"uv": [13, 4, 13.25, 4.5], "texture": "#0"},
				"east": {"uv": [11, 1, 12.25, 1.5], "texture": "#0"},
				"south": {"uv": [5, 13, 5.25, 13.5], "texture": "#0"},
				"west": {"uv": [11, 2, 12.25, 2.5], "texture": "#0"},
				"up": {"uv": [11.25, 9.25, 11, 8], "texture": "#0"},
				"down": {"uv": [9.25, 11, 9, 12.25], "texture": "#0"}
			}
		},
		{
			"from": [8.4576, 0.704, 12.4704],
			"to": [8.528, 1.0208, 13.5264],
			"rotation": {"angle": 0, "axis": "y", "origin": [8.4928, 0, 12.9984]},
			"faces": {
				"north": {"uv": [14, 3, 14.25, 3.25], "texture": "#0"},
				"east": {"uv": [10, 11, 11, 11.25], "texture": "#0"},
				"south": {"uv": [4, 14, 4.25, 14.25], "texture": "#0"},
				"west": {"uv": [11, 10, 12, 10.25], "texture": "#0"},
				"up": {"uv": [11.25, 12, 11, 11], "texture": "#0"},
				"down": {"uv": [12.25, 0, 12, 1], "texture": "#0"}
			}
		},
		{
			"from": [7.94086, -0.4393, 13.10963],
			"to": [8.34637, -0.37171, 13.54893],
			"rotation": {"angle": 0, "axis": "y", "origin": [8.14362, -0.4055, 13.98822]},
			"faces": {
				"north": {"uv": [13, 9, 13.5, 9.25], "texture": "#0"},
				"east": {"uv": [10, 13, 10.5, 13.25], "texture": "#0"},
				"south": {"uv": [13, 10, 13.5, 10.25], "texture": "#0"},
				"west": {"uv": [11, 13, 11.5, 13.25], "texture": "#0"},
				"up": {"uv": [12.5, 3.5, 12, 3], "texture": "#0"},
				"down": {"uv": [4.5, 12, 4, 12.5], "texture": "#0"}
			}
		},
		{
			"from": [7.94086, -0.4055, 13.6841],
			"to": [8.34637, 0.03379, 13.75168],
			"rotation": {"angle": 22.5, "axis": "x", "origin": [8.14362, 0.47309, 13.71789]},
			"faces": {
				"north": {"uv": [12, 4, 12.5, 4.5], "texture": "#0"},
				"east": {"uv": [13, 11, 13.25, 11.5], "texture": "#0"},
				"south": {"uv": [5, 12, 5.5, 12.5], "texture": "#0"},
				"west": {"uv": [12, 13, 12.25, 13.5], "texture": "#0"},
				"up": {"uv": [13.5, 12.25, 13, 12], "texture": "#0"},
				"down": {"uv": [13.5, 13, 13, 13.25], "texture": "#0"}
			}
		},
		{
			"from": [7.94086, -0.4393, 13.07584],
			"to": [8.34637, 0, 13.14342],
			"rotation": {"angle": 0, "axis": "y", "origin": [8.14362, -0.91238, 13.10963]},
			"faces": {
				"north": {"uv": [1, 12, 1.5, 12.5], "texture": "#0"},
				"east": {"uv": [13, 7, 13.25, 7.5], "texture": "#0"},
				"south": {"uv": [3, 12, 3.5, 12.5], "texture": "#0"},
				"west": {"uv": [8, 13, 8.25, 13.5], "texture": "#0"},
				"up": {"uv": [13.5, 8.25, 13, 8], "texture": "#0"},
				"down": {"uv": [9.5, 13, 9, 13.25], "texture": "#0"}
			}
		},
		{
			"from": [7.94086, -0.4393, 13.54893],
			"to": [8.34637, 0, 13.61651],
			"rotation": {"angle": 0, "axis": "y", "origin": [8.14362, -0.91238, 13.58272]},
			"faces": {
				"north": {"uv": [12, 5, 12.5, 5.5], "texture": "#0"},
				"east": {"uv": [14, 0, 14.25, 0.5], "texture": "#0"},
				"south": {"uv": [8, 12, 8.5, 12.5], "texture": "#0"},
				"west": {"uv": [1, 14, 1.25, 14.5], "texture": "#0"},
				"up": {"uv": [14.5, 1.25, 14, 1], "texture": "#0"},
				"down": {"uv": [2.5, 14, 2, 14.25], "texture": "#0"}
			}
		}
	],
	"display": {
		"thirdperson_righthand": {
			"translation": [0.25, 8, -5.25]
		},
		"thirdperson_lefthand": {
			"translation": [0, 8.25, -4]
		},
		"firstperson_righthand": {
			"translation": [45, 0.5, -59],
			"scale": [4, 4, 4]
		},
		"firstperson_lefthand": {
			"translation": [45, 0.5, -59],
			"scale": [4, 4, 4]
		},
		"ground": {
			"translation": [0, 4.5, 0]
		},
		"gui": {
			"rotation": [0, -91, 0],
			"translation": [2.5, 7.75, -0.5]
		},
		"fixed": {
			"rotation": [0, -91, 0],
			"translation": [2.5, 7.75, -0.5]
		}
	}
}