{
	"credit": "Made with Blockbench",
	"texture_size": [32, 32],
	"textures": {
		"0": "gun:item/gun/sniper_rifle",
		"particle": "gun:item/gun/sniper_rifle"
	},
	"elements": [
		{
			"from": [7.28, 2.72, 7.712],
			"to": [7.664, 3.104, 8.768],
			"rotation": {"angle": 0, "axis": "y", "origin": [7.232, 2.768, 8.528]},
			"faces": {
				"north": {"uv": [4.5, 7.5, 4.6875, 7.6875], "texture": "#0"},
				"east": {"uv": [5, 6.5, 5.5, 6.6875], "texture": "#0"},
				"south": {"uv": [7.5, 4.5, 7.6875, 4.6875], "texture": "#0"},
				"west": {"uv": [6.5, 5, 7, 5.1875], "texture": "#0"},
				"up": {"uv": [5.6875, 7, 5.5, 6.5], "texture": "#0"},
				"down": {"uv": [6.6875, 5.5, 6.5, 6], "texture": "#0"}
			}
		},
		{
			"from": [7.232, 2.672, 5.888],
			"to": [7.712, 3.152, 6.848],
			"rotation": {"angle": 0, "axis": "y", "origin": [7.232, 2.768, 6.464]},
			"faces": {
				"north": {"uv": [1.5, 7, 1.75, 7.25], "texture": "#0"},
				"east": {"uv": [6.5, 1, 7, 1.25], "texture": "#0"},
				"south": {"uv": [7, 1.5, 7.25, 1.75], "texture": "#0"},
				"west": {"uv": [1.5, 6.5, 2, 6.75], "texture": "#0"},
				"up": {"uv": [6.75, 2, 6.5, 1.5], "texture": "#0"},
				"down": {"uv": [2.25, 6.5, 2, 7], "texture": "#0"}
			}
		},
		{
			"from": [7.712, 2.672, 5.6],
			"to": [7.808, 3.152, 5.888],
			"rotation": {"angle": 0, "axis": "y", "origin": [7.328, 2.768, 5.504]},
			"faces": {
				"north": {"uv": [6.5, 8, 6.5625, 8.25], "texture": "#0"},
				"east": {"uv": [5, 7.5, 5.125, 7.75], "texture": "#0"},
				"south": {"uv": [8, 6.5, 8.0625, 6.75], "texture": "#0"},
				"west": {"uv": [7.5, 5, 7.625, 5.25], "texture": "#0"},
				"up": {"uv": [8.5625, 4.625, 8.5, 4.5], "texture": "#0"},
				"down": {"uv": [5.0625, 8.5, 5, 8.625], "texture": "#0"}
			}
		},
		{
			"from": [7.136, 2.672, 5.6],
			"to": [7.232, 3.152, 5.888],
			"rotation": {"angle": 0, "axis": "y", "origin": [6.752, 2.768, 5.504]},
			"faces": {
				"north": {"uv": [7, 8, 7.0625, 8.25], "texture": "#0"},
				"east": {"uv": [5.5, 7.5, 5.625, 7.75], "texture": "#0"},
				"south": {"uv": [8, 7, 8.0625, 7.25], "texture": "#0"},
				"west": {"uv": [7.5, 5.5, 7.625, 5.75], "texture": "#0"},
				"up": {"uv": [8.5625, 5.125, 8.5, 5], "texture": "#0"},
				"down": {"uv": [5.5625, 8.5, 5.5, 8.625], "texture": "#0"}
			}
		},
		{
			"from": [7.136, 3.152, 5.6],
			"to": [7.808, 3.248, 5.888],
			"rotation": {"angle": 0, "axis": "y", "origin": [7.712, 2.768, 5.504]},
			"faces": {
				"north": {"uv": [8, 2, 8.3125, 2.0625], "texture": "#0"},
				"east": {"uv": [8.5, 5.5, 8.625, 5.5625], "texture": "#0"},
				"south": {"uv": [8, 2.5, 8.3125, 2.5625], "texture": "#0"},
				"west": {"uv": [6, 8.5, 6.125, 8.5625], "texture": "#0"},
				"up": {"uv": [7.8125, 1.125, 7.5, 1], "texture": "#0"},
				"down": {"uv": [1.8125, 7.5, 1.5, 7.625], "texture": "#0"}
			}
		},
		{
			"from": [7.136, 2.576, 5.6],
			"to": [7.808, 2.672, 5.888],
			"rotation": {"angle": 0, "axis": "y", "origin": [7.712, 2.192, 5.504]},
			"faces": {
				"north": {"uv": [3, 8, 3.3125, 8.0625], "texture": "#0"},
				"east": {"uv": [8.5, 6, 8.625, 6.0625], "texture": "#0"},
				"south": {"uv": [8, 3, 8.3125, 3.0625], "texture": "#0"},
				"west": {"uv": [6.5, 8.5, 6.625, 8.5625], "texture": "#0"},
				"up": {"uv": [7.8125, 1.625, 7.5, 1.5], "texture": "#0"},
				"down": {"uv": [2.3125, 7.5, 2, 7.625], "texture": "#0"}
			}
		},
		{
			"from": [7.328, 2.768, 6.848],
			"to": [7.616, 3.056, 7.808],
			"rotation": {"angle": 0, "axis": "y", "origin": [7.232, 2.768, 7.04]},
			"faces": {
				"north": {"uv": [6, 8, 6.125, 8.125], "texture": "#0"},
				"east": {"uv": [0.5, 7, 1, 7.125], "texture": "#0"},
				"south": {"uv": [8, 6, 8.125, 6.125], "texture": "#0"},
				"west": {"uv": [7, 0.5, 7.5, 0.625], "texture": "#0"},
				"up": {"uv": [1.125, 7.5, 1, 7], "texture": "#0"},
				"down": {"uv": [7.125, 1, 7, 1.5], "texture": "#0"}
			}
		},
		{
			"from": [7.28, 0.416, 6.944],
			"to": [7.664, 1.568, 7.616],
			"rotation": {"angle": 0, "axis": "y", "origin": [7.232, 1.232, 7.04]},
			"faces": {
				"north": {"uv": [6.5, 3, 6.6875, 3.5625], "texture": "#0"},
				"east": {"uv": [5.5, 5, 5.8125, 5.5625], "texture": "#0"},
				"south": {"uv": [3.5, 6.5, 3.6875, 7.0625], "texture": "#0"},
				"west": {"uv": [0, 6, 0.3125, 6.5625], "texture": "#0"},
				"up": {"uv": [7.1875, 5.3125, 7, 5], "texture": "#0"},
				"down": {"uv": [5.6875, 7, 5.5, 7.3125], "texture": "#0"}
			}
		},
		{
			"from": [6.992, 0.08, 9.248],
			"to": [7.952, 2.48, 9.92],
			"rotation": {"angle": 0, "axis": "y", "origin": [7.232, 2.144, 9.344]},
			"faces": {
				"north": {"uv": [0, 2, 0.5, 3.1875], "texture": "#0"},
				"east": {"uv": [0, 3.5, 0.3125, 4.6875], "texture": "#0"},
				"south": {"uv": [2, 0, 2.5, 1.1875], "texture": "#0"},
				"west": {"uv": [3.5, 2.5, 3.8125, 3.6875], "texture": "#0"},
				"up": {"uv": [2, 6.3125, 1.5, 6], "texture": "#0"},
				"down": {"uv": [2.5, 6, 2, 6.3125], "texture": "#0"}
			}
		},
		{
			"from": [7.28, 0.992, 8.576],
			"to": [7.664, 1.088, 9.248],
			"rotation": {"angle": 0, "axis": "y", "origin": [7.232, 3.056, 8.672]},
			"faces": {
				"north": {"uv": [8.5, 2, 8.6875, 2.0625], "texture": "#0"},
				"east": {"uv": [3.5, 8, 3.8125, 8.0625], "texture": "#0"},
				"south": {"uv": [2.5, 8.5, 2.6875, 8.5625], "texture": "#0"},
				"west": {"uv": [8, 3.5, 8.3125, 3.5625], "texture": "#0"},
				"up": {"uv": [7.1875, 5.8125, 7, 5.5], "texture": "#0"},
				"down": {"uv": [6.1875, 7, 6, 7.3125], "texture": "#0"}
			}
		},
		{
			"from": [7.28, 0.992, 8.48],
			"to": [7.664, 1.568, 8.576],
			"rotation": {"angle": 0, "axis": "y", "origin": [7.232, 0.992, 6.512]},
			"faces": {
				"north": {"uv": [6.5, 7, 6.6875, 7.3125], "texture": "#0"},
				"east": {"uv": [4, 8, 4.0625, 8.3125], "texture": "#0"},
				"south": {"uv": [7, 6.5, 7.1875, 6.8125], "texture": "#0"},
				"west": {"uv": [8, 4, 8.0625, 4.3125], "texture": "#0"},
				"up": {"uv": [8.6875, 2.5625, 8.5, 2.5], "texture": "#0"},
				"down": {"uv": [3.1875, 8.5, 3, 8.5625], "texture": "#0"}
			}
		},
		{
			"from": [7.28, 1.088, 9.056],
			"to": [7.664, 1.664, 9.152],
			"rotation": {"angle": 22.5, "axis": "x", "origin": [7.472, 1.376, 9.104]},
			"faces": {
				"north": {"uv": [7, 7, 7.1875, 7.3125], "texture": "#0"},
				"east": {"uv": [4.5, 8, 4.5625, 8.3125], "texture": "#0"},
				"south": {"uv": [0, 7.5, 0.1875, 7.8125], "texture": "#0"},
				"west": {"uv": [8, 4.5, 8.0625, 4.8125], "texture": "#0"},
				"up": {"uv": [8.6875, 3.0625, 8.5, 3], "texture": "#0"},
				"down": {"uv": [3.6875, 8.5, 3.5, 8.5625], "texture": "#0"}
			}
		},
		{
			"from": [7.184, 0.368, 11.168],
			"to": [7.76, 1.712, 11.84],
			"rotation": {"angle": 0, "axis": "y", "origin": [7.232, 1.376, 11.264]},
			"faces": {
				"north": {"uv": [0, 5, 0.3125, 5.6875], "texture": "#0"},
				"east": {"uv": [1.5, 5, 1.8125, 5.6875], "texture": "#0"},
				"south": {"uv": [2, 5, 2.3125, 5.6875], "texture": "#0"},
				"west": {"uv": [2.5, 5, 2.8125, 5.6875], "texture": "#0"},
				"up": {"uv": [4.8125, 6.8125, 4.5, 6.5], "texture": "#0"},
				"down": {"uv": [6.8125, 4.5, 6.5, 4.8125], "texture": "#0"}
			}
		},
		{
			"from": [6.992, 0.368, 13.184],
			"to": [7.952, 1.712, 13.856],
			"rotation": {"angle": 0, "axis": "y", "origin": [7.232, 1.376, 13.28]},
			"faces": {
				"north": {"uv": [1.5, 4, 2, 4.6875], "texture": "#0"},
				"east": {"uv": [5, 2.5, 5.3125, 3.1875], "texture": "#0"},
				"south": {"uv": [2, 4, 2.5, 4.6875], "texture": "#0"},
				"west": {"uv": [4, 5, 4.3125, 5.6875], "texture": "#0"},
				"up": {"uv": [3, 6.3125, 2.5, 6], "texture": "#0"},
				"down": {"uv": [4.5, 6, 4, 6.3125], "texture": "#0"}
			}
		},
		{
			"from": [6.992, 0.32, 13.376],
			"to": [7.952, 1.28, 13.568],
			"rotation": {"angle": 45, "axis": "x", "origin": [7.232, 1.328, 12.992]},
			"faces": {
				"north": {"uv": [4, 3.5, 4.5, 4], "texture": "#0"},
				"east": {"uv": [2.5, 7, 2.625, 7.5], "texture": "#0"},
				"south": {"uv": [2.5, 4.5, 3, 5], "texture": "#0"},
				"west": {"uv": [7, 2.5, 7.125, 3], "texture": "#0"},
				"up": {"uv": [3.5, 7.125, 3, 7], "texture": "#0"},
				"down": {"uv": [7.5, 3, 7, 3.125], "texture": "#0"}
			}
		},
		{
			"from": [6.992, 0.32, 13.616],
			"to": [7.952, 0.944, 13.808],
			"rotation": {"angle": 45, "axis": "x", "origin": [7.232, 1.328, 13.232]},
			"faces": {
				"north": {"uv": [6, 4, 6.5, 4.3125], "texture": "#0"},
				"east": {"uv": [3, 7.5, 3.125, 7.8125], "texture": "#0"},
				"south": {"uv": [6, 4.5, 6.5, 4.8125], "texture": "#0"},
				"west": {"uv": [7.5, 3, 7.625, 3.3125], "texture": "#0"},
				"up": {"uv": [7.5, 3.625, 7, 3.5], "texture": "#0"},
				"down": {"uv": [4.5, 7, 4, 7.125], "texture": "#0"}
			}
		},
		{
			"from": [6.992, 0.32, 13.808],
			"to": [7.952, 0.944, 14],
			"rotation": {"angle": 45, "axis": "x", "origin": [7.232, 1.328, 13.424]},
			"faces": {
				"north": {"uv": [6, 5, 6.5, 5.3125], "texture": "#0"},
				"east": {"uv": [3.5, 7.5, 3.625, 7.8125], "texture": "#0"},
				"south": {"uv": [5.5, 6, 6, 6.3125], "texture": "#0"},
				"west": {"uv": [7.5, 3.5, 7.625, 3.8125], "texture": "#0"},
				"up": {"uv": [7.5, 4.125, 7, 4], "texture": "#0"},
				"down": {"uv": [5, 7, 4.5, 7.125], "texture": "#0"}
			}
		},
		{
			"from": [7.088, 1.136, 10.688],
			"to": [7.856, 1.712, 13.184],
			"rotation": {"angle": 0, "axis": "y", "origin": [7.232, 1.616, 13.472]},
			"faces": {
				"north": {"uv": [6.5, 2, 6.875, 2.3125], "texture": "#0"},
				"east": {"uv": [3.5, 0.5, 4.75, 0.8125], "texture": "#0"},
				"south": {"uv": [2.5, 6.5, 2.875, 6.8125], "texture": "#0"},
				"west": {"uv": [2, 3.5, 3.25, 3.8125], "texture": "#0"},
				"up": {"uv": [2.875, 1.25, 2.5, 0], "texture": "#0"},
				"down": {"uv": [1.875, 2.5, 1.5, 3.75], "texture": "#0"}
			}
		},
		{
			"from": [6.992, 0.176, 9.92],
			"to": [7.952, 0.368, 13.856],
			"rotation": {"angle": 0, "axis": "y", "origin": [7.232, 0.272, 13.472]},
			"faces": {
				"north": {"uv": [2, 7, 2.5, 7.125], "texture": "#0"},
				"east": {"uv": [4.5, 3.5, 6.4375, 3.625], "texture": "#0"},
				"south": {"uv": [7, 2, 7.5, 2.125], "texture": "#0"},
				"west": {"uv": [4, 4.5, 5.9375, 4.625], "texture": "#0"},
				"up": {"uv": [0.5, 1.9375, 0, 0], "texture": "#0"},
				"down": {"uv": [1, 0, 0.5, 1.9375], "texture": "#0"}
			}
		},
		{
			"from": [7.04, 1.712, 9.68],
			"to": [7.904, 2.384, 11.696],
			"rotation": {"angle": 22.5, "axis": "x", "origin": [7.232, 1.808, 10.016]},
			"faces": {
				"north": {"uv": [6, 5.5, 6.4375, 5.8125], "texture": "#0"},
				"east": {"uv": [2.5, 4, 3.5, 4.3125], "texture": "#0"},
				"south": {"uv": [6, 6, 6.4375, 6.3125], "texture": "#0"},
				"west": {"uv": [4, 2.5, 5, 2.8125], "texture": "#0"},
				"up": {"uv": [2.4375, 3.5, 2, 2.5], "texture": "#0"},
				"down": {"uv": [2.9375, 2.5, 2.5, 3.5], "texture": "#0"}
			}
		},
		{
			"from": [7.04, 1.136, 9.68],
			"to": [7.904, 1.616, 11.696],
			"rotation": {"angle": 0, "axis": "y", "origin": [7.232, 1.04, 10.016]},
			"faces": {
				"north": {"uv": [6.5, 2.5, 6.9375, 2.75], "texture": "#0"},
				"east": {"uv": [4, 3, 5, 3.25], "texture": "#0"},
				"south": {"uv": [3, 6.5, 3.4375, 6.75], "texture": "#0"},
				"west": {"uv": [3.5, 4, 4.5, 4.25], "texture": "#0"},
				"up": {"uv": [3.4375, 1, 3, 0], "texture": "#0"},
				"down": {"uv": [3.4375, 2.5, 3, 3.5], "texture": "#0"}
			}
		},
		{
			"from": [7.04, 1.232, 9.68],
			"to": [7.904, 1.904, 10.784],
			"rotation": {"angle": 0, "axis": "y", "origin": [7.232, 1.328, 10.016]},
			"faces": {
				"north": {"uv": [0.5, 6.5, 0.9375, 6.8125], "texture": "#0"},
				"east": {"uv": [5.5, 3, 6.0625, 3.3125], "texture": "#0"},
				"south": {"uv": [6.5, 0.5, 6.9375, 0.8125], "texture": "#0"},
				"west": {"uv": [6, 0, 6.5625, 0.3125], "texture": "#0"},
				"up": {"uv": [3.4375, 5.0625, 3, 4.5], "texture": "#0"},
				"down": {"uv": [3.9375, 4.5, 3.5, 5.0625], "texture": "#0"}
			}
		},
		{
			"from": [7.424, 2.48, 7.04],
			"to": [7.52, 2.864, 7.232],
			"rotation": {"angle": 0, "axis": "y", "origin": [7.352, 2.624, 6.944]},
			"faces": {
				"north": {"uv": [8, 8, 8.0625, 8.1875], "texture": "#0"},
				"east": {"uv": [7.5, 7.5, 7.625, 7.6875], "texture": "#0"},
				"south": {"uv": [0, 8.5, 0.0625, 8.6875], "texture": "#0"},
				"west": {"uv": [0, 8, 0.125, 8.1875], "texture": "#0"},
				"up": {"uv": [8.5625, 4.125, 8.5, 4], "texture": "#0"},
				"down": {"uv": [4.5625, 8.5, 4.5, 8.625], "texture": "#0"}
			}
		},
		{
			"from": [7.424, 2.48, 7.52],
			"to": [7.52, 2.864, 7.712],
			"rotation": {"angle": 0, "axis": "y", "origin": [7.352, 2.624, 7.52]},
			"faces": {
				"north": {"uv": [7.5, 8, 7.5625, 8.1875], "texture": "#0"},
				"east": {"uv": [7, 7.5, 7.125, 7.6875], "texture": "#0"},
				"south": {"uv": [8, 7.5, 8.0625, 7.6875], "texture": "#0"},
				"west": {"uv": [7.5, 7, 7.625, 7.1875], "texture": "#0"},
				"up": {"uv": [8.5625, 3.625, 8.5, 3.5], "texture": "#0"},
				"down": {"uv": [4.0625, 8.5, 4, 8.625], "texture": "#0"}
			}
		},
		{
			"from": [7.088, 1.568, 5.024],
			"to": [7.856, 2, 9.248],
			"rotation": {"angle": 0, "axis": "y", "origin": [7.04, 1.616, 7.232]},
			"faces": {
				"north": {"uv": [0, 7, 0.375, 7.1875], "texture": "#0"},
				"east": {"uv": [3, 1, 5.125, 1.1875], "texture": "#0"},
				"south": {"uv": [7, 0, 7.375, 0.1875], "texture": "#0"},
				"west": {"uv": [3.5, 0, 5.625, 0.1875], "texture": "#0"},
				"up": {"uv": [1.375, 2.125, 1, 0], "texture": "#0"},
				"down": {"uv": [1.875, 0, 1.5, 2.125], "texture": "#0"}
			}
		},
		{
			"from": [7.328, 2.288, 6.368],
			"to": [7.616, 2.48, 9.248],
			"rotation": {"angle": 0, "axis": "y", "origin": [7.04, 2.192, 7.232]},
			"faces": {
				"north": {"uv": [5.5, 8, 5.625, 8.125], "texture": "#0"},
				"east": {"uv": [4.5, 4, 5.9375, 4.125], "texture": "#0"},
				"south": {"uv": [8, 5.5, 8.125, 5.625], "texture": "#0"},
				"west": {"uv": [5, 0.5, 6.4375, 0.625], "texture": "#0"},
				"up": {"uv": [4.625, 6.4375, 4.5, 5], "texture": "#0"},
				"down": {"uv": [5.125, 5, 5, 6.4375], "texture": "#0"}
			}
		},
		{
			"from": [7.2704, 1.9616, 5.312],
			"to": [7.6544, 2.3456, 7.232],
			"rotation": {"angle": 0, "axis": "y", "origin": [7.232, 2, 6.464]},
			"faces": {
				"north": {"uv": [4, 7.5, 4.1875, 7.6875], "texture": "#0"},
				"east": {"uv": [5.5, 1, 6.4375, 1.1875], "texture": "#0"},
				"south": {"uv": [7.5, 4, 7.6875, 4.1875], "texture": "#0"},
				"west": {"uv": [5.5, 2.5, 6.4375, 2.6875], "texture": "#0"},
				"up": {"uv": [3.1875, 6.4375, 3, 5.5], "texture": "#0"},
				"down": {"uv": [3.6875, 5.5, 3.5, 6.4375], "texture": "#0"}
			}
		},
		{
			"from": [7.1744, 1.9616, 6.176],
			"to": [7.2704, 2.3456, 6.368],
			"rotation": {"angle": 0, "axis": "y", "origin": [6.848, 2, 6.464]},
			"faces": {
				"north": {"uv": [8.5, 0, 8.5625, 0.1875], "texture": "#0"},
				"east": {"uv": [8, 0, 8.125, 0.1875], "texture": "#0"},
				"south": {"uv": [0.5, 8.5, 0.5625, 8.6875], "texture": "#0"},
				"west": {"uv": [0.5, 8, 0.625, 8.1875], "texture": "#0"},
				"up": {"uv": [8.5625, 6.625, 8.5, 6.5], "texture": "#0"},
				"down": {"uv": [7.0625, 8.5, 7, 8.625], "texture": "#0"}
			}
		},
		{
			"from": [7.1744, 1.9616, 5.456],
			"to": [7.2704, 2.3456, 5.648],
			"rotation": {"angle": 0, "axis": "y", "origin": [6.848, 2, 5.744]},
			"faces": {
				"north": {"uv": [8.5, 0.5, 8.5625, 0.6875], "texture": "#0"},
				"east": {"uv": [8, 0.5, 8.125, 0.6875], "texture": "#0"},
				"south": {"uv": [1, 8.5, 1.0625, 8.6875], "texture": "#0"},
				"west": {"uv": [1, 8, 1.125, 8.1875], "texture": "#0"},
				"up": {"uv": [8.5625, 7.125, 8.5, 7], "texture": "#0"},
				"down": {"uv": [7.5625, 8.5, 7.5, 8.625], "texture": "#0"}
			}
		},
		{
			"from": [7.1744, 1.9616, 5.792],
			"to": [7.2704, 2.3456, 5.984],
			"rotation": {"angle": 0, "axis": "y", "origin": [6.848, 2, 6.08]},
			"faces": {
				"north": {"uv": [8.5, 1, 8.5625, 1.1875], "texture": "#0"},
				"east": {"uv": [8, 1, 8.125, 1.1875], "texture": "#0"},
				"south": {"uv": [1.5, 8.5, 1.5625, 8.6875], "texture": "#0"},
				"west": {"uv": [1.5, 8, 1.625, 8.1875], "texture": "#0"},
				"up": {"uv": [8.5625, 7.625, 8.5, 7.5], "texture": "#0"},
				"down": {"uv": [8.0625, 8.5, 8, 8.625], "texture": "#0"}
			}
		},
		{
			"from": [7.1744, 1.9616, 6.56],
			"to": [7.2704, 2.3456, 6.752],
			"rotation": {"angle": 0, "axis": "y", "origin": [6.848, 2, 6.848]},
			"faces": {
				"north": {"uv": [8.5, 1.5, 8.5625, 1.6875], "texture": "#0"},
				"east": {"uv": [8, 1.5, 8.125, 1.6875], "texture": "#0"},
				"south": {"uv": [2, 8.5, 2.0625, 8.6875], "texture": "#0"},
				"west": {"uv": [2, 8, 2.125, 8.1875], "texture": "#0"},
				"up": {"uv": [8.5625, 8.125, 8.5, 8], "texture": "#0"},
				"down": {"uv": [8.5625, 8.5, 8.5, 8.625], "texture": "#0"}
			}
		},
		{
			"from": [7.6064, 2.096, 7.5776],
			"to": [7.7024, 2.288, 8.7776],
			"rotation": {"angle": 0, "axis": "y", "origin": [7.28, 2, 8.432]},
			"faces": {
				"north": {"uv": [0, 9, 0.0625, 9.125], "texture": "#0"},
				"east": {"uv": [6, 6.5, 6.625, 6.625], "texture": "#0"},
				"south": {"uv": [9, 0, 9.0625, 0.125], "texture": "#0"},
				"west": {"uv": [6.5, 6, 7.125, 6.125], "texture": "#0"},
				"up": {"uv": [7.5625, 2.625, 7.5, 2], "texture": "#0"},
				"down": {"uv": [2.5625, 7.5, 2.5, 8.125], "texture": "#0"}
			}
		},
		{
			"from": [7.328, 2, 0.608],
			"to": [7.616, 2.288, 9.248],
			"rotation": {"angle": 0, "axis": "y", "origin": [7.472, 2.144, 5.216]},
			"faces": {
				"north": {"uv": [5, 8, 5.125, 8.125], "texture": "#0"},
				"east": {"uv": [2, 1.5, 6.3125, 1.625], "texture": "#0"},
				"south": {"uv": [8, 5, 8.125, 5.125], "texture": "#0"},
				"west": {"uv": [2, 2, 6.3125, 2.125], "texture": "#0"},
				"up": {"uv": [0.625, 6.3125, 0.5, 2], "texture": "#0"},
				"down": {"uv": [1.125, 2.5, 1, 6.8125], "texture": "#0"}
			}
		},
		{
			"from": [7.184, 1.856, 1.424],
			"to": [7.76, 2.432, 1.664],
			"rotation": {"angle": 0, "axis": "y", "origin": [7.472, 2.144, 2.384]},
			"faces": {
				"north": {"uv": [4, 6.5, 4.3125, 6.8125], "texture": "#0"},
				"east": {"uv": [7.5, 0, 7.625, 0.3125], "texture": "#0"},
				"south": {"uv": [6.5, 4, 6.8125, 4.3125], "texture": "#0"},
				"west": {"uv": [0.5, 7.5, 0.625, 7.8125], "texture": "#0"},
				"up": {"uv": [7.8125, 0.625, 7.5, 0.5], "texture": "#0"},
				"down": {"uv": [1.3125, 7.5, 1, 7.625], "texture": "#0"}
			}
		},
		{
			"from": [7.232, 1.904, 1.04],
			"to": [7.712, 2.384, 1.28],
			"rotation": {"angle": 0, "axis": "y", "origin": [7.472, 2.144, 2]},
			"faces": {
				"north": {"uv": [7, 4.5, 7.25, 4.75], "texture": "#0"},
				"east": {"uv": [6, 7.5, 6.125, 7.75], "texture": "#0"},
				"south": {"uv": [5, 7, 5.25, 7.25], "texture": "#0"},
				"west": {"uv": [7.5, 6, 7.625, 6.25], "texture": "#0"},
				"up": {"uv": [6.75, 7.625, 6.5, 7.5], "texture": "#0"},
				"down": {"uv": [7.75, 6.5, 7.5, 6.625], "texture": "#0"}
			}
		}
	],
	"display": {
		"thirdperson_righthand": {
			"translation": [0, 6.75, 0]
		},
		"thirdperson_lefthand": {
			"translation": [0, 6.75, 0]
		},
		"firstperson_righthand": {
			"translation": [0, 6.75, 0]
		},
		"firstperson_lefthand": {
			"translation": [0, 6.75, 0]
		},
		"ground": {
			"translation": [0, 4.75, 0]
		},
		"gui": {
			"rotation": [0, 92, 0],
			"translation": [0, 5.75, 0],
			"scale": [1.2, 1.2, 1.2]
		},
		"fixed": {
			"rotation": [0, -88, 0],
			"translation": [0, 5.75, 0]
		}
	}
}