{
	"credit": "Made with Blockbench",
	"texture_size": [32, 32],
	"textures": {
		"0": "gun:item/sub/grenade",
		"particle": "gun:item/sub/grenade"
	},
	"elements": [
		{
			"from": [4.64, 0, 4.64],
			"to": [11.36, 12.32, 11.36],
			"rotation": {"angle": 0, "axis": "y", "origin": [8, 0, 8]},
			"faces": {
				"north": {"uv": [0, 0, 3.5, 6], "texture": "#0"},
				"east": {"uv": [3.5, 0, 7, 6], "texture": "#0"},
				"south": {"uv": [0, 6, 3.5, 12], "texture": "#0"},
				"west": {"uv": [3.5, 6, 7, 12], "texture": "#0"},
				"up": {"uv": [10.5, 3.5, 7, 0], "texture": "#0"},
				"down": {"uv": [10.5, 3.5, 7, 7], "texture": "#0"}
			}
		},
		{
			"from": [6.18, 12.18, 5.34],
			"to": [9.82, 15.68, 10.66],
			"rotation": {"angle": 0, "axis": "y", "origin": [8, 0, 8]},
			"faces": {
				"north": {"uv": [10.5, 0, 12.5, 2], "texture": "#0"},
				"east": {"uv": [7, 7, 9.5, 9], "texture": "#0"},
				"south": {"uv": [10.5, 2, 12.5, 4], "texture": "#0"},
				"west": {"uv": [7, 9, 9.5, 11], "texture": "#0"},
				"up": {"uv": [11.5, 9.5, 9.5, 7], "texture": "#0"},
				"down": {"uv": [11.5, 9.5, 9.5, 12], "texture": "#0"}
			}
		},
		{
			"from": [7.3, 4.62, 11.64],
			"to": [8.7, 9.52, 12.76],
			"rotation": {"angle": -22.5, "axis": "x", "origin": [8, 8.96, -3.9]},
			"faces": {
				"north": {"uv": [9, 11, 9.5, 13.5], "texture": "#0"},
				"east": {"uv": [0, 12, 0.5, 14.5], "texture": "#0"},
				"south": {"uv": [0.5, 12, 1, 14.5], "texture": "#0"},
				"west": {"uv": [1, 12, 1.5, 14.5], "texture": "#0"},
				"up": {"uv": [13, 5, 12.5, 4.5], "texture": "#0"},
				"down": {"uv": [13, 5, 12.5, 5.5], "texture": "#0"}
			}
		},
		{
			"from": [7.3, 7.56507, 13.37773],
			"to": [8.7, 12.46507, 14.49773],
			"rotation": {"angle": -45, "axis": "x", "origin": [8, 10.01507, 13.93773]},
			"faces": {
				"north": {"uv": [1.5, 12, 2, 14.5], "texture": "#0"},
				"east": {"uv": [2, 12, 2.5, 14.5], "texture": "#0"},
				"south": {"uv": [2.5, 12, 3, 14.5], "texture": "#0"},
				"west": {"uv": [3, 12, 3.5, 14.5], "texture": "#0"},
				"up": {"uv": [10, 13, 9.5, 12.5], "texture": "#0"},
				"down": {"uv": [10.5, 12.5, 10, 13], "texture": "#0"}
			}
		},
		{
			"from": [5.837, 3.28457, 11.36733],
			"to": [10.163, 7.17797, 14.82813],
			"rotation": {"angle": -45, "axis": "x", "origin": [8, 10.85507, 13.09773]},
			"faces": {
				"north": {"uv": [10.5, 4, 12.5, 6], "texture": "#0"},
				"east": {"uv": [11.5, 6, 13, 8], "texture": "#0"},
				"south": {"uv": [7, 11, 9, 13], "texture": "#0"},
				"west": {"uv": [11.5, 8, 13, 10], "texture": "#0"},
				"up": {"uv": [13.5, 11.5, 11.5, 10], "texture": "#0"},
				"down": {"uv": [13.5, 11.5, 11.5, 13], "texture": "#0"}
			}
		},
		{
			"from": [7.3, 14.14507, 8.75773],
			"to": [8.7, 16.66507, 9.87773],
			"rotation": {"angle": -45, "axis": "x", "origin": [8, 16.59507, 9.31773]},
			"faces": {
				"north": {"uv": [3.5, 12, 4, 13.5], "texture": "#0"},
				"east": {"uv": [4, 12, 4.5, 13.5], "texture": "#0"},
				"south": {"uv": [4.5, 12, 5, 13.5], "texture": "#0"},
				"west": {"uv": [5, 12, 5.5, 13.5], "texture": "#0"},
				"up": {"uv": [13, 4, 12.5, 3.5], "texture": "#0"},
				"down": {"uv": [13, 4, 12.5, 4.5], "texture": "#0"}
			}
		},
		{
			"from": [7.3, 16.73507, 7.42773],
			"to": [8.7, 17.85507, 9.94773],
			"rotation": {"angle": 22.5, "axis": "x", "origin": [8, 17.29507, 7.49773]},
			"faces": {
				"north": {"uv": [5.5, 12.5, 6, 13], "texture": "#0"},
				"east": {"uv": [5.5, 12, 7, 12.5], "texture": "#0"},
				"south": {"uv": [12.5, 5.5, 13, 6], "texture": "#0"},
				"west": {"uv": [9.5, 12, 11, 12.5], "texture": "#0"},
				"up": {"uv": [11.5, 13.5, 11, 12], "texture": "#0"},
				"down": {"uv": [13, 0, 12.5, 1.5], "texture": "#0"}
			}
		},
		{
			"from": [7.3, 15.40507, 7.49773],
			"to": [8.7, 17.36507, 8.61773],
			"rotation": {"angle": 0, "axis": "y", "origin": [8, 17.29507, 8.05773]},
			"faces": {
				"north": {"uv": [10.5, 6, 11, 7], "texture": "#0"},
				"east": {"uv": [11, 6, 11.5, 7], "texture": "#0"},
				"south": {"uv": [12.5, 1.5, 13, 2.5], "texture": "#0"},
				"west": {"uv": [12.5, 2.5, 13, 3.5], "texture": "#0"},
				"up": {"uv": [6.5, 13, 6, 12.5], "texture": "#0"},
				"down": {"uv": [7, 12.5, 6.5, 13], "texture": "#0"}
			}
		}
	],
	"display": {
		"thirdperson_righthand": {
			"scale": [0.4, 0.4, 0.4]
		},
		"thirdperson_lefthand": {
			"scale": [0.4, 0.4, 0.4]
		},
		"ground": {
			"translation": [0, 4, 0]
		},
		"gui": {
			"rotation": [0, 89, 0],
			"translation": [-4.25, 0, 0]
		},
		"fixed": {
			"rotation": [0, 89, 0],
			"translation": [-4.25, 0, 0]
		}
	}
}