{
	"credit": "Made with Blockbench",
	"texture_size": [32, 32],
	"textures": {
		"0": "gun:item/sub/mine",
		"particle": "gun:item/sub/mine"
	},
	"elements": [
		{
			"from": [2.88, 0, 2.88],
			"to": [13.12, 3.68, 13.12],
			"rotation": {"angle": 0, "axis": "y", "origin": [8, 0, 8]},
			"faces": {
				"north": {"uv": [5, 5.5, 10, 7.5], "texture": "#0"},
				"east": {"uv": [6.5, 0, 11.5, 2], "texture": "#0"},
				"south": {"uv": [6.5, 2, 11.5, 4], "texture": "#0"},
				"west": {"uv": [5, 7.5, 10, 9.5], "texture": "#0"},
				"up": {"uv": [6.5, 5.5, 1.5, 0.5], "texture": "#0"},
				"down": {"uv": [5, 5.5, 0, 10.5], "texture": "#0"}
			}
		},
		{
			"from": [3.12, 0.32, 2.56],
			"to": [5.68, 2.24, 2.88],
			"rotation": {"angle": 0, "axis": "y", "origin": [8, 0, 7.28]},
			"faces": {
				"north": {"uv": [0, 2.5, 1.5, 3.5], "texture": "#0"},
				"east": {"uv": [1, 1.5, 1.5, 2.5], "texture": "#0"},
				"south": {"uv": [0, 3.5, 1.5, 4.5], "texture": "#0"},
				"west": {"uv": [7.5, 4, 8, 5], "texture": "#0"},
				"up": {"uv": [3.5, 0.5, 2, 0], "texture": "#0"},
				"down": {"uv": [5, 0, 3.5, 0.5], "texture": "#0"}
			}
		},
		{
			"from": [9.28, 3.68, 6.48],
			"to": [9.68, 4.16, 9.52],
			"rotation": {"angle": 0, "axis": "y", "origin": [5.28, 3.76, 8]},
			"faces": {
				"north": {"uv": [5, 0, 5.5, 0.5], "texture": "#0"},
				"east": {"uv": [0, 4.5, 1.5, 5], "texture": "#0"},
				"south": {"uv": [5.5, 0, 6, 0.5], "texture": "#0"},
				"west": {"uv": [0, 5, 1.5, 5.5], "texture": "#0"},
				"up": {"uv": [7, 5.5, 6.5, 4], "texture": "#0"},
				"down": {"uv": [7.5, 4, 7, 5.5], "texture": "#0"}
			}
		},
		{
			"from": [6.48, 3.68, 6.08],
			"to": [6.88, 4.16, 9.84],
			"rotation": {"angle": 0, "axis": "y", "origin": [2.48, 3.76, 8.32]},
			"faces": {
				"north": {"uv": [5, 0, 5.5, 0.5], "rotation": 180, "texture": "#0"},
				"east": {"uv": [0, 5, 1.5, 5.5], "rotation": 90, "texture": "#0"},
				"south": {"uv": [5.5, 0, 6, 0.5], "texture": "#0"},
				"west": {"uv": [0, 4.5, 1.5, 5], "rotation": 270, "texture": "#0"},
				"up": {"uv": [6.5, 4, 7, 5.5], "texture": "#0"},
				"down": {"uv": [7, 4, 7.5, 5.5], "rotation": 180, "texture": "#0"}
			}
		},
		{
			"from": [6.84, 3.68, 9.48],
			"to": [9.72, 4.16, 9.88],
			"rotation": {"angle": 0, "axis": "y", "origin": [8.12, 3.92, 9.68]},
			"faces": {
				"north": {"uv": [0, 5, 1.5, 5.5], "rotation": 270, "texture": "#0"},
				"east": {"uv": [5.5, 0, 6, 0.5], "rotation": 180, "texture": "#0"},
				"south": {"uv": [0, 4.5, 1.5, 5], "rotation": 90, "texture": "#0"},
				"west": {"uv": [5, 0, 5.5, 0.5], "texture": "#0"},
				"up": {"uv": [6.5, 4, 7, 5.5], "rotation": 90, "texture": "#0"},
				"down": {"uv": [7, 4, 7.5, 5.5], "rotation": 90, "texture": "#0"}
			}
		},
		{
			"from": [6.84, 3.68, 6.12],
			"to": [9.72, 4.16, 6.52],
			"rotation": {"angle": 0, "axis": "y", "origin": [8.12, 3.92, 6.32]},
			"faces": {
				"north": {"uv": [0, 4.5, 1.5, 5], "rotation": 270, "texture": "#0"},
				"east": {"uv": [5, 0, 5.5, 0.5], "rotation": 180, "texture": "#0"},
				"south": {"uv": [0, 5, 1.5, 5.5], "rotation": 90, "texture": "#0"},
				"west": {"uv": [5.5, 0, 6, 0.5], "texture": "#0"},
				"up": {"uv": [6.5, 4, 7, 5.5], "rotation": 90, "texture": "#0"},
				"down": {"uv": [7, 4, 7.5, 5.5], "rotation": 90, "texture": "#0"}
			}
		},
		{
			"from": [11.76, 3.68, 6.48],
			"to": [12.4, 3.84, 9.52],
			"rotation": {"angle": 0, "axis": "y", "origin": [8, 3.76, 8]},
			"faces": {
				"north": {"uv": [1, 1, 1.5, 1.5], "texture": "#0"},
				"east": {"uv": [0, 0, 1.5, 0.5], "texture": "#0"},
				"south": {"uv": [1.5, 0, 2, 0.5], "texture": "#0"},
				"west": {"uv": [0, 0.5, 1.5, 1], "texture": "#0"},
				"up": {"uv": [0.5, 2.5, 0, 1], "texture": "#0"},
				"down": {"uv": [1, 1, 0.5, 2.5], "texture": "#0"}
			}
		},
		{
			"from": [11.76, 3.68, 6.48],
			"to": [12.4, 3.84, 9.52],
			"rotation": {"angle": 22.5, "axis": "y", "origin": [8, 3.76, 8]},
			"faces": {
				"north": {"uv": [1, 1, 1.5, 1.5], "rotation": 180, "texture": "#0"},
				"east": {"uv": [0, 0, 2, 0.5], "rotation": 90, "texture": "#0"},
				"south": {"uv": [1.5, 0, 2, 0.5], "texture": "#0"},
				"west": {"uv": [0, 0.5, 1.5, 1], "rotation": 270, "texture": "#0"},
				"up": {"uv": [0, 1, 0.5, 2.5], "texture": "#0"},
				"down": {"uv": [0.5, 1, 1, 2.5], "rotation": 180, "texture": "#0"}
			}
		},
		{
			"from": [11.76, 3.68, 6.48],
			"to": [12.4, 3.84, 9.52],
			"rotation": {"angle": 45, "axis": "y", "origin": [8, 3.76, 8]},
			"faces": {
				"north": {"uv": [1, 1, 1.5, 1.5], "rotation": 180, "texture": "#0"},
				"east": {"uv": [0, 0, 2, 0.5], "rotation": 90, "texture": "#0"},
				"south": {"uv": [1.5, 0, 2, 0.5], "texture": "#0"},
				"west": {"uv": [0, 0.5, 1.5, 1], "rotation": 270, "texture": "#0"},
				"up": {"uv": [0, 1, 0.5, 2.5], "texture": "#0"},
				"down": {"uv": [0.5, 1, 1, 2.5], "rotation": 180, "texture": "#0"}
			}
		},
		{
			"from": [6.48, 3.68, 3.6],
			"to": [9.52, 3.84, 4.24],
			"rotation": {"angle": -22.5, "axis": "y", "origin": [8, 3.76, 8]},
			"faces": {
				"north": {"uv": [0, 0, 2, 0.5], "rotation": 90, "texture": "#0"},
				"east": {"uv": [1.5, 0, 2, 0.5], "texture": "#0"},
				"south": {"uv": [0, 0.5, 1.5, 1], "rotation": 270, "texture": "#0"},
				"west": {"uv": [1, 1, 1.5, 1.5], "rotation": 270, "texture": "#0"},
				"up": {"uv": [0, 1, 0.5, 2.5], "rotation": 270, "texture": "#0"},
				"down": {"uv": [0.5, 1, 1, 2.5], "rotation": 270, "texture": "#0"}
			}
		},
		{
			"from": [6.48, 3.68, 3.6],
			"to": [9.52, 3.84, 4.24],
			"rotation": {"angle": 0, "axis": "y", "origin": [8, 3.76, 8]},
			"faces": {
				"north": {"uv": [0, 0, 2, 0.5], "rotation": 90, "texture": "#0"},
				"east": {"uv": [1.5, 0, 2, 0.5], "texture": "#0"},
				"south": {"uv": [0, 0.5, 1.5, 1], "rotation": 270, "texture": "#0"},
				"west": {"uv": [1, 1, 1.5, 1.5], "rotation": 180, "texture": "#0"},
				"up": {"uv": [0, 1, 0.5, 2.5], "rotation": 270, "texture": "#0"},
				"down": {"uv": [0.5, 1, 1, 2.5], "rotation": 270, "texture": "#0"}
			}
		},
		{
			"from": [6.48, 3.68, 3.6],
			"to": [9.52, 3.84, 4.24],
			"rotation": {"angle": 22.5, "axis": "y", "origin": [8, 3.76, 8]},
			"faces": {
				"north": {"uv": [0, 0, 2, 0.5], "rotation": 90, "texture": "#0"},
				"east": {"uv": [1.5, 0, 2, 0.5], "texture": "#0"},
				"south": {"uv": [0, 0.5, 1.5, 1], "rotation": 270, "texture": "#0"},
				"west": {"uv": [1, 1, 1.5, 1.5], "rotation": 180, "texture": "#0"},
				"up": {"uv": [0, 1, 0.5, 2.5], "rotation": 270, "texture": "#0"},
				"down": {"uv": [0.5, 1, 1, 2.5], "rotation": 270, "texture": "#0"}
			}
		},
		{
			"from": [6.48, 3.68, 3.6],
			"to": [9.52, 3.84, 4.24],
			"rotation": {"angle": 45, "axis": "y", "origin": [8, 3.76, 8]},
			"faces": {
				"north": {"uv": [0, 0, 2, 0.5], "rotation": 90, "texture": "#0"},
				"east": {"uv": [1.5, 0, 2, 0.5], "texture": "#0"},
				"south": {"uv": [0, 0.5, 1.5, 1], "rotation": 270, "texture": "#0"},
				"west": {"uv": [1, 1, 1.5, 1.5], "rotation": 180, "texture": "#0"},
				"up": {"uv": [0, 1, 0.5, 2.5], "rotation": 270, "texture": "#0"},
				"down": {"uv": [0.5, 1, 1, 2.5], "rotation": 270, "texture": "#0"}
			}
		},
		{
			"from": [3.6, 3.68, 6.48],
			"to": [4.24, 3.84, 9.52],
			"rotation": {"angle": -22.5, "axis": "y", "origin": [8, 3.76, 8]},
			"faces": {
				"north": {"uv": [1.5, 0, 2, 0.5], "texture": "#0"},
				"east": {"uv": [0, 0.5, 1.5, 1], "rotation": 270, "texture": "#0"},
				"south": {"uv": [1, 1, 1.5, 1.5], "rotation": 180, "texture": "#0"},
				"west": {"uv": [0, 0, 2, 0.5], "rotation": 90, "texture": "#0"},
				"up": {"uv": [0, 1, 0.5, 2.5], "rotation": 180, "texture": "#0"},
				"down": {"uv": [0.5, 1, 1, 2.5], "texture": "#0"}
			}
		},
		{
			"from": [3.6, 3.68, 6.48],
			"to": [4.24, 3.84, 9.52],
			"rotation": {"angle": 0, "axis": "y", "origin": [8, 3.76, 8]},
			"faces": {
				"north": {"uv": [1.5, 0, 2, 0.5], "texture": "#0"},
				"east": {"uv": [0, 0.5, 1.5, 1], "rotation": 270, "texture": "#0"},
				"south": {"uv": [1, 1, 1.5, 1.5], "rotation": 180, "texture": "#0"},
				"west": {"uv": [0, 0, 2, 0.5], "rotation": 90, "texture": "#0"},
				"up": {"uv": [0, 1, 0.5, 2.5], "rotation": 180, "texture": "#0"},
				"down": {"uv": [0.5, 1, 1, 2.5], "texture": "#0"}
			}
		},
		{
			"from": [3.6, 3.68, 6.48],
			"to": [4.24, 3.84, 9.52],
			"rotation": {"angle": 22.5, "axis": "y", "origin": [8, 3.76, 8]},
			"faces": {
				"north": {"uv": [1.5, 0, 2, 0.5], "texture": "#0"},
				"east": {"uv": [0, 0.5, 1.5, 1], "rotation": 270, "texture": "#0"},
				"south": {"uv": [1, 1, 1.5, 1.5], "rotation": 180, "texture": "#0"},
				"west": {"uv": [0, 0, 2, 0.5], "rotation": 90, "texture": "#0"},
				"up": {"uv": [0, 1, 0.5, 2.5], "rotation": 180, "texture": "#0"},
				"down": {"uv": [0.5, 1, 1, 2.5], "texture": "#0"}
			}
		},
		{
			"from": [3.6, 3.68, 6.48],
			"to": [4.24, 3.84, 9.52],
			"rotation": {"angle": 45, "axis": "y", "origin": [8, 3.76, 8]},
			"faces": {
				"north": {"uv": [1.5, 0, 2, 0.5], "texture": "#0"},
				"east": {"uv": [0, 0.5, 1.5, 1], "rotation": 270, "texture": "#0"},
				"south": {"uv": [1, 1, 1.5, 1.5], "rotation": 180, "texture": "#0"},
				"west": {"uv": [0, 0, 2, 0.5], "rotation": 90, "texture": "#0"},
				"up": {"uv": [0, 1, 0.5, 2.5], "rotation": 180, "texture": "#0"},
				"down": {"uv": [0.5, 1, 1, 2.5], "texture": "#0"}
			}
		},
		{
			"from": [6.48, 3.68, 11.76],
			"to": [9.52, 3.84, 12.4],
			"rotation": {"angle": -22.5, "axis": "y", "origin": [8, 3.76, 8]},
			"faces": {
				"north": {"uv": [0, 0.5, 1.5, 1], "rotation": 270, "texture": "#0"},
				"east": {"uv": [1, 1, 1.5, 1.5], "rotation": 180, "texture": "#0"},
				"south": {"uv": [0, 0, 2, 0.5], "rotation": 90, "texture": "#0"},
				"west": {"uv": [1.5, 0, 2, 0.5], "texture": "#0"},
				"up": {"uv": [0, 1, 0.5, 2.5], "rotation": 90, "texture": "#0"},
				"down": {"uv": [0.5, 1, 1, 2.5], "rotation": 90, "texture": "#0"}
			}
		},
		{
			"from": [6.48, 3.68, 11.76],
			"to": [9.52, 3.84, 12.4],
			"rotation": {"angle": 0, "axis": "y", "origin": [8, 3.76, 8]},
			"faces": {
				"north": {"uv": [0, 0.5, 1.5, 1], "rotation": 270, "texture": "#0"},
				"east": {"uv": [1, 1, 1.5, 1.5], "rotation": 180, "texture": "#0"},
				"south": {"uv": [0, 0, 2, 0.5], "rotation": 90, "texture": "#0"},
				"west": {"uv": [1.5, 0, 2, 0.5], "texture": "#0"},
				"up": {"uv": [0, 1, 0.5, 2.5], "rotation": 90, "texture": "#0"},
				"down": {"uv": [0.5, 1, 1, 2.5], "rotation": 90, "texture": "#0"}
			}
		},
		{
			"from": [6.48, 3.68, 11.76],
			"to": [9.52, 3.84, 12.4],
			"rotation": {"angle": 45, "axis": "y", "origin": [8, 3.76, 8]},
			"faces": {
				"north": {"uv": [0, 0.5, 1.5, 1], "rotation": 270, "texture": "#0"},
				"east": {"uv": [1, 1, 1.5, 1.5], "rotation": 180, "texture": "#0"},
				"south": {"uv": [0, 0, 2, 0.5], "rotation": 90, "texture": "#0"},
				"west": {"uv": [1.5, 0, 2, 0.5], "texture": "#0"},
				"up": {"uv": [0, 1, 0.5, 2.5], "rotation": 90, "texture": "#0"},
				"down": {"uv": [0.5, 1, 1, 2.5], "rotation": 90, "texture": "#0"}
			}
		},
		{
			"from": [6.48, 3.68, 11.76],
			"to": [9.52, 3.84, 12.4],
			"rotation": {"angle": 45, "axis": "y", "origin": [8, 3.76, 8]},
			"color": 9,
			"faces": {
				"north": {"uv": [0, 0, 1, 8], "rotation": 270, "texture": "#missing"},
				"east": {"uv": [0, 0, 4, 1], "rotation": 180, "texture": "#missing"},
				"south": {"uv": [0, 0, 1, 8], "rotation": 90, "texture": "#missing"},
				"west": {"uv": [0, 0, 4, 1], "texture": "#missing"},
				"up": {"uv": [0, 0, 4, 8], "rotation": 90, "texture": "#missing"},
				"down": {"uv": [0, 0, 4, 8], "rotation": 90, "texture": "#missing"}
			}
		},
		{
			"from": [6.48, 3.68, 11.76],
			"to": [9.52, 3.84, 12.4],
			"rotation": {"angle": 22.5, "axis": "y", "origin": [8, 3.76, 8]},
			"faces": {
				"north": {"uv": [0, 0.5, 1.5, 1], "rotation": 270, "texture": "#0"},
				"east": {"uv": [1, 1, 1.5, 1.5], "rotation": 180, "texture": "#0"},
				"south": {"uv": [0, 0, 2, 0.5], "rotation": 90, "texture": "#0"},
				"west": {"uv": [1.5, 0, 2, 0.5], "texture": "#0"},
				"up": {"uv": [0, 1, 0.5, 2.5], "rotation": 90, "texture": "#0"},
				"down": {"uv": [0.5, 1, 1, 2.5], "rotation": 90, "texture": "#0"}
			}
		},
		{
			"from": [11.76, 3.68, 6.48],
			"to": [12.4, 3.84, 9.52],
			"rotation": {"angle": -22.5, "axis": "y", "origin": [8, 3.76, 8]},
			"faces": {
				"north": {"uv": [1, 1, 1.5, 1.5], "rotation": 180, "texture": "#0"},
				"east": {"uv": [0, 0, 2, 0.5], "rotation": 90, "texture": "#0"},
				"south": {"uv": [1.5, 0, 2, 0.5], "texture": "#0"},
				"west": {"uv": [0, 0.5, 1.5, 1], "rotation": 270, "texture": "#0"},
				"up": {"uv": [0, 1, 0.5, 2.5], "texture": "#0"},
				"down": {"uv": [0.5, 1, 1, 2.5], "rotation": 180, "texture": "#0"}
			}
		}
	],
	"display": {
		"thirdperson_righthand": {
			"rotation": [52, 0, 0],
			"translation": [0, 3, 2.25],
			"scale": [0.7, 0.7, 0.7]
		},
		"thirdperson_lefthand": {
			"rotation": [52, 0, 0],
			"translation": [0, 3, 2.25],
			"scale": [0.7, 0.7, 0.7]
		},
		"firstperson_righthand": {
			"rotation": [52, 0, 0],
			"translation": [0, 3, 2.25],
			"scale": [0.7, 0.7, 0.7]
		},
		"firstperson_lefthand": {
			"rotation": [52, 0, 0],
			"translation": [0, 3, 2.25],
			"scale": [0.7, 0.7, 0.7]
		},
		"ground": {
			"translation": [0, 4, 0]
		},
		"gui": {
			"rotation": [45, 0, 0],
			"translation": [0, 3.25, -0.75]
		},
		"fixed": {
			"rotation": [-90, 0, 0],
			"translation": [0, 0.75, -8.25]
		}
	}
}