{
	"credit": "Made with Blockbench",
	"texture_size": [32, 32],
	"textures": {
		"0": "gun:item/sub/smoke",
		"particle": "gun:item/sub/smoke"
	},
	"elements": [
		{
			"from": [5.84, 0, 5.84],
			"to": [10.16, 15.12, 10.16],
			"rotation": {"angle": 0, "axis": "y", "origin": [8, 0, 8]},
			"faces": {
				"north": {"uv": [0, 0, 2, 7.5], "texture": "#0"},
				"east": {"uv": [2, 0, 4, 7.5], "texture": "#0"},
				"south": {"uv": [4, 0, 6, 7.5], "texture": "#0"},
				"west": {"uv": [6, 0, 8, 7.5], "texture": "#0"},
				"up": {"uv": [2, 9.5, 0, 7.5], "texture": "#0"},
				"down": {"uv": [4, 7.5, 2, 9.5], "texture": "#0"}
			}
		},
		{
			"from": [7.1, 15.12, 7.1],
			"to": [8.9, 16.2, 8.9],
			"rotation": {"angle": 0, "axis": "y", "origin": [8, 10.98, 8]},
			"faces": {
				"north": {"uv": [13, 12, 14, 12.5], "texture": "#0"},
				"east": {"uv": [13, 12.5, 14, 13], "texture": "#0"},
				"south": {"uv": [13, 13, 14, 13.5], "texture": "#0"},
				"west": {"uv": [0, 13.5, 1, 14], "texture": "#0"},
				"up": {"uv": [9, 13, 8, 12], "texture": "#0"},
				"down": {"uv": [13, 8, 12, 9], "texture": "#0"}
			}
		},
		{
			"from": [9.08, 18.72, 7.1],
			"to": [10.88, 22.32, 8.9],
			"rotation": {"angle": 0, "axis": "y", "origin": [9.98, 13.5, 8]},
			"faces": {
				"north": {"uv": [4, 7.5, 5, 9.5], "texture": "#0"},
				"east": {"uv": [5, 7.5, 6, 9.5], "texture": "#0"},
				"south": {"uv": [6, 7.5, 7, 9.5], "texture": "#0"},
				"west": {"uv": [7, 7.5, 8, 9.5], "texture": "#0"},
				"up": {"uv": [10, 13, 9, 12], "texture": "#0"},
				"down": {"uv": [13, 9, 12, 10], "texture": "#0"}
			}
		},
		{
			"from": [10.34, 18.72, 8.54],
			"to": [12.14, 22.32, 10.34],
			"rotation": {"angle": 0, "axis": "y", "origin": [11.24, 13.5, 9.44]},
			"faces": {
				"north": {"uv": [8, 0, 9, 2], "texture": "#0"},
				"east": {"uv": [8, 2, 9, 4], "texture": "#0"},
				"south": {"uv": [8, 4, 9, 6], "texture": "#0"},
				"west": {"uv": [8, 6, 9, 8], "texture": "#0"},
				"up": {"uv": [11, 13, 10, 12], "texture": "#0"},
				"down": {"uv": [13, 10, 12, 11], "texture": "#0"}
			}
		},
		{
			"from": [10.34, 21.78, 5.84],
			"to": [12.14, 25.38, 7.64],
			"rotation": {"angle": 0, "axis": "y", "origin": [11.24, 16.56, 6.74]},
			"faces": {
				"north": {"uv": [8, 8, 9, 10], "texture": "#0"},
				"east": {"uv": [9, 0, 10, 2], "texture": "#0"},
				"south": {"uv": [9, 2, 10, 4], "texture": "#0"},
				"west": {"uv": [9, 4, 10, 6], "texture": "#0"},
				"up": {"uv": [12, 13, 11, 12], "texture": "#0"},
				"down": {"uv": [13, 11, 12, 12], "texture": "#0"}
			}
		},
		{
			"from": [11.96, 24.66, 9.08],
			"to": [13.76, 28.26, 10.88],
			"rotation": {"angle": 0, "axis": "y", "origin": [12.86, 19.44, 9.98]},
			"faces": {
				"north": {"uv": [9, 6, 10, 8], "texture": "#0"},
				"east": {"uv": [9, 8, 10, 10], "texture": "#0"},
				"south": {"uv": [0, 9.5, 1, 11.5], "texture": "#0"},
				"west": {"uv": [1, 9.5, 2, 11.5], "texture": "#0"},
				"up": {"uv": [13, 13, 12, 12], "texture": "#0"},
				"down": {"uv": [14, 0, 13, 1], "texture": "#0"}
			}
		},
		{
			"from": [13.22, 23.04, 6.02],
			"to": [15.02, 26.64, 7.82],
			"rotation": {"angle": 0, "axis": "y", "origin": [14.12, 17.82, 6.92]},
			"faces": {
				"north": {"uv": [4, 11.5, 5, 13.5], "texture": "#0"},
				"east": {"uv": [5, 11.5, 6, 13.5], "texture": "#0"},
				"south": {"uv": [6, 11.5, 7, 13.5], "texture": "#0"},
				"west": {"uv": [7, 11.5, 8, 13.5], "texture": "#0"},
				"up": {"uv": [14, 11, 13, 10], "texture": "#0"},
				"down": {"uv": [12, 13, 11, 14], "texture": "#0"}
			}
		},
		{
			"from": [11.96, 17.64, 3.5],
			"to": [13.76, 21.24, 5.3],
			"rotation": {"angle": 0, "axis": "y", "origin": [12.86, 12.42, 4.4]},
			"faces": {
				"north": {"uv": [12, 0, 13, 2], "texture": "#0"},
				"east": {"uv": [12, 2, 13, 4], "texture": "#0"},
				"south": {"uv": [12, 4, 13, 6], "texture": "#0"},
				"west": {"uv": [12, 6, 13, 8], "texture": "#0"},
				"up": {"uv": [14, 12, 13, 11], "texture": "#0"},
				"down": {"uv": [13, 13, 12, 14], "texture": "#0"}
			}
		},
		{
			"from": [11.06, 23.4, 3.5],
			"to": [12.86, 27, 5.3],
			"rotation": {"angle": 0, "axis": "y", "origin": [11.96, 18.18, 4.4]},
			"faces": {
				"north": {"uv": [2, 9.5, 3, 11.5], "texture": "#0"},
				"east": {"uv": [3, 9.5, 4, 11.5], "texture": "#0"},
				"south": {"uv": [4, 9.5, 5, 11.5], "texture": "#0"},
				"west": {"uv": [5, 9.5, 6, 11.5], "texture": "#0"},
				"up": {"uv": [14, 2, 13, 1], "texture": "#0"},
				"down": {"uv": [14, 2, 13, 3], "texture": "#0"}
			}
		},
		{
			"from": [11.06, 20.52, 4.58],
			"to": [12.86, 24.12, 6.38],
			"rotation": {"angle": 0, "axis": "y", "origin": [11.96, 15.3, 5.48]},
			"faces": {
				"north": {"uv": [6, 9.5, 7, 11.5], "texture": "#0"},
				"east": {"uv": [7, 9.5, 8, 11.5], "texture": "#0"},
				"south": {"uv": [10, 0, 11, 2], "texture": "#0"},
				"west": {"uv": [10, 2, 11, 4], "texture": "#0"},
				"up": {"uv": [14, 4, 13, 3], "texture": "#0"},
				"down": {"uv": [14, 4, 13, 5], "texture": "#0"}
			}
		},
		{
			"from": [9.8, 17.46, 4.58],
			"to": [11.6, 21.06, 6.38],
			"rotation": {"angle": 0, "axis": "y", "origin": [10.7, 12.24, 5.48]},
			"faces": {
				"north": {"uv": [10, 4, 11, 6], "texture": "#0"},
				"east": {"uv": [10, 6, 11, 8], "texture": "#0"},
				"south": {"uv": [8, 10, 9, 12], "texture": "#0"},
				"west": {"uv": [10, 8, 11, 10], "texture": "#0"},
				"up": {"uv": [14, 6, 13, 5], "texture": "#0"},
				"down": {"uv": [14, 6, 13, 7], "texture": "#0"}
			}
		},
		{
			"from": [8.36, 16.2, 6.2],
			"to": [10.16, 19.8, 8],
			"rotation": {"angle": 0, "axis": "y", "origin": [9.26, 10.98, 7.1]},
			"faces": {
				"north": {"uv": [9, 10, 10, 12], "texture": "#0"},
				"east": {"uv": [10, 10, 11, 12], "texture": "#0"},
				"south": {"uv": [11, 0, 12, 2], "texture": "#0"},
				"west": {"uv": [11, 2, 12, 4], "texture": "#0"},
				"up": {"uv": [14, 8, 13, 7], "texture": "#0"},
				"down": {"uv": [9, 13, 8, 14], "texture": "#0"}
			}
		},
		{
			"from": [11.78, 16.2, 6.2],
			"to": [13.58, 19.8, 8],
			"rotation": {"angle": 0, "axis": "y", "origin": [12.68, 10.98, 7.1]},
			"faces": {
				"north": {"uv": [11, 4, 12, 6], "texture": "#0"},
				"east": {"uv": [11, 6, 12, 8], "texture": "#0"},
				"south": {"uv": [11, 8, 12, 10], "texture": "#0"},
				"west": {"uv": [11, 10, 12, 12], "texture": "#0"},
				"up": {"uv": [14, 9, 13, 8], "texture": "#0"},
				"down": {"uv": [10, 13, 9, 14], "texture": "#0"}
			}
		},
		{
			"from": [12.68, 19.26, 8.9],
			"to": [14.48, 22.86, 10.7],
			"rotation": {"angle": 0, "axis": "y", "origin": [13.58, 14.04, 9.8]},
			"faces": {
				"north": {"uv": [0, 11.5, 1, 13.5], "texture": "#0"},
				"east": {"uv": [1, 11.5, 2, 13.5], "texture": "#0"},
				"south": {"uv": [2, 11.5, 3, 13.5], "texture": "#0"},
				"west": {"uv": [3, 11.5, 4, 13.5], "texture": "#0"},
				"up": {"uv": [14, 10, 13, 9], "texture": "#0"},
				"down": {"uv": [11, 13, 10, 14], "texture": "#0"}
			}
		}
	],
	"display": {
		"thirdperson_righthand": {
			"scale": [0.4, 0.4, 0.4]
		},
		"thirdperson_lefthand": {
			"scale": [0.4, 0.4, 0.4]
		},
		"firstperson_righthand": {
			"scale": [0.4, 0.4, 0.4]
		},
		"firstperson_lefthand": {
			"scale": [0.4, 0.4, 0.4]
		},
		"ground": {
			"rotation": [88, 0, 0],
			"translation": [0, 1.75, 0],
			"scale": [0.4, 0.4, 0.4]
		},
		"gui": {
			"translation": [0, -3.5, 0],
			"scale": [0.6, 0.6, 0.6]
		},
		"fixed": {
			"translation": [0, -2.5, 0],
			"scale": [0.6, 0.6, 0.6]
		}
	}
}