{
	"credit": "Made with Blockbench",
	"texture_size": [32, 32],
	"textures": {
		"1": "gun:item/sub/wall"
	},
	"elements": [
		{
			"from": [3.92, 0, 7.32],
			"to": [12.08, 5.1, 8.68],
			"rotation": {"angle": 0, "axis": "y", "origin": [8, 0, 8]},
			"faces": {
				"north": {"uv": [0, 6, 16, 16], "texture": "#1"},
				"east": {"uv": [4, 9, 7.75, 16], "texture": "#1"},
				"south": {"uv": [4, 2.5, 8, 5], "texture": "#missing"},
				"west": {"uv": [9, 4, 11.75, 15.5], "texture": "#1"},
				"up": {"uv": [11, 9.75, 0, 7], "texture": "#1"},
				"down": {"uv": [16, 0, 8, 1.75], "texture": "#1"}
			}
		},
		{
			"from": [4.26, 0, 5.96],
			"to": [11.74, 3.4, 7.32],
			"rotation": {"angle": 0, "axis": "y", "origin": [8, 0, 6.64]},
			"faces": {
				"north": {"uv": [0, 5.25, 16, 16], "texture": "#1"},
				"east": {"uv": [5, 9, 7.75, 15.75], "texture": "#1"},
				"south": {"uv": [4, 7, 7.75, 8.75], "texture": "#missing"},
				"west": {"uv": [6, 9, 7.75, 15.75], "texture": "#1"},
				"up": {"uv": [6.75, 11.75, 0, 9], "texture": "#1"},
				"down": {"uv": [12.75, 2, 3, 3.75], "texture": "#1"}
			}
		},
		{
			"from": [3.92, 0, 8.68],
			"to": [12.08, 7.31, 10.04],
			"rotation": {"angle": 0, "axis": "y", "origin": [8, 0, 9.36]},
			"faces": {
				"north": {"uv": [0, 0, 16, 15.75], "texture": "#1"},
				"east": {"uv": [8, 3, 10.25, 14], "texture": "#1"},
				"south": {"uv": [0, 0, 16, 15.75], "texture": "#1"},
				"west": {"uv": [7, 6, 9.75, 15.75], "texture": "#1"},
				"up": {"uv": [16, 3.75, 8, 1], "texture": "#1"},
				"down": {"uv": [12, 2, 0, 3.75], "texture": "#1"}
			}
		},
		{
			"from": [3.92, 5.1, 7.32],
			"to": [5.28, 6.29, 8.68],
			"rotation": {"angle": 0, "axis": "y", "origin": [8, 5.1, 8]},
			"faces": {
				"north": {"uv": [0, 11, 1.75, 12.5], "texture": "#1"},
				"east": {"uv": [1, 11, 3.75, 13.5], "texture": "#1"},
				"south": {"uv": [2, 11, 2.75, 11.5], "texture": "#missing"},
				"west": {"uv": [3, 11, 4.75, 12.5], "texture": "#1"},
				"up": {"uv": [10.75, 8.25, 9, 6.5], "texture": "#1"},
				"down": {"uv": [7.75, 9, 7, 9.75], "texture": "#missing"}
			}
		},
		{
			"from": [5.62, 7.31, 8.68],
			"to": [6.98, 8.84, 10.04],
			"rotation": {"angle": 0, "axis": "y", "origin": [9.7, 5.1, 9.36]},
			"faces": {
				"north": {"uv": [1, 10, 2.75, 11.75], "texture": "#1"},
				"east": {"uv": [2, 10, 3.75, 11.75], "texture": "#1"},
				"south": {"uv": [3, 10, 4.75, 11.75], "texture": "#1"},
				"west": {"uv": [9, 3, 10.75, 4.75], "texture": "#1"},
				"up": {"uv": [12.75, 7.75, 10, 5], "texture": "#1"},
				"down": {"uv": [10.75, 6, 10, 6.75], "texture": "#missing"}
			}
		},
		{
			"from": [9.02, 7.31, 8.68],
			"to": [10.38, 8.84, 10.04],
			"rotation": {"angle": 0, "axis": "y", "origin": [13.1, 5.1, 9.36]},
			"faces": {
				"north": {"uv": [7, 10, 9.75, 11.75], "texture": "#1"},
				"east": {"uv": [10, 7, 11.75, 9.75], "texture": "#1"},
				"south": {"uv": [9, 7, 10.75, 8.75], "texture": "#1"},
				"west": {"uv": [10, 9, 11.75, 10.75], "texture": "#1"},
				"up": {"uv": [10.75, 10.75, 10, 10], "texture": "#1"},
				"down": {"uv": [9.75, 10.5, 9, 11.25], "texture": "#missing"}
			}
		},
		{
			"from": [10.72, 5.1, 7.32],
			"to": [12.08, 6.29, 8.68],
			"rotation": {"angle": 0, "axis": "y", "origin": [14.8, 5.1, 8]},
			"faces": {
				"north": {"uv": [10, 3, 11.75, 4.5], "texture": "#1"},
				"east": {"uv": [11, 4.5, 14.75, 8], "texture": "#1"},
				"south": {"uv": [5, 11, 5.75, 11.5], "texture": "#missing"},
				"west": {"uv": [11, 5, 13.75, 7.5], "texture": "#1"},
				"up": {"uv": [9.75, 8.25, 8, 6.5], "texture": "#1"},
				"down": {"uv": [9.75, 8.5, 9, 9.25], "texture": "#missing"}
			}
		},
		{
			"from": [7.32, 5.1, 7.32],
			"to": [8.68, 6.29, 8.68],
			"rotation": {"angle": 0, "axis": "y", "origin": [11.4, 5.1, 8]},
			"faces": {
				"north": {"uv": [11, 5.5, 12.75, 7], "texture": "#1"},
				"east": {"uv": [5, 10, 6.75, 11.5], "texture": "#1"},
				"south": {"uv": [11, 6, 11.75, 6.5], "texture": "#missing"},
				"west": {"uv": [11, 6.5, 13.75, 9], "texture": "#1"},
				"up": {"uv": [11.75, 12.25, 9, 9.5], "texture": "#1"},
				"down": {"uv": [0.75, 10, 0, 10.75], "texture": "#missing"}
			}
		}
	],
	"display": {
		"thirdperson_righthand": {
			"rotation": [58, 0, 0],
			"translation": [0, 2.75, 2]
		},
		"thirdperson_lefthand": {
			"rotation": [58, 0, 0],
			"translation": [0, 2.75, 2]
		},
		"firstperson_righthand": {
			"rotation": [58, 0, 0],
			"translation": [0, 2.75, 2]
		},
		"firstperson_lefthand": {
			"rotation": [58, 0, 0],
			"translation": [0, 2.75, 2]
		},
		"ground": {
			"translation": [0, 4.25, 0]
		},
		"gui": {
			"rotation": [-163, 0, 180],
			"translation": [0, 4.75, -3],
			"scale": [1.3, 1.3, 1.3]
		},
		"fixed": {
			"translation": [0, 4.75, -3],
			"scale": [1.3, 1.3, 1.3]
		}
	}
}